,model,mean_train_accuracy,mean_train_f1,mean_train_precision,mean_train_recall,mean_test_accuracy,mean_test_f1,mean_test_precision,mean_test_recall,normalizer,foldingStrat
0,LogisticRegression,,,,,,,,,Normalizer,BalancedKFold
1,SGDClassifier,0.9588753348017721,0.008045440398381573,0.008355363250203869,0.028508771929824556,0.9625070028011206,0.014401858304297329,0.013813813813813814,0.03333333333333333,Normalizer,BalancedKFold
2,RandomForestClassifier,1.0,1.0,1.0,1.0,0.9764425770308124,0.0,0.0,0.0,Normalizer,BalancedKFold
3,KNeighborsClassifier,0.9880112946278469,0.5418370035761341,0.65,0.5243180254557963,0.9740896358543416,0.0,0.0,0.0,Normalizer,BalancedKFold
4,MLPClassifier,0.9569446827036049,0.0668276196425433,0.1957616982850426,0.06166399113251539,0.9542187986305632,0.0052536379708962334,0.011523809523809525,0.025,Normalizer,BalancedKFold
5,LinearSVC,,,,,,,,,Normalizer,BalancedKFold
6,OneClassSVM,,,,,,,,,Normalizer,BalancedKFold
