,model,mean_train_accuracy,mean_train_f1,mean_train_precision,mean_train_recall,mean_test_accuracy,mean_test_f1,mean_test_precision,mean_test_recall,normalizer,foldingStrat
0,LogisticRegression,,,,,,,,,Normalizer,BalancedKFold
1,SGDClassifier,0.9588753348017721,0.008045440398381573,0.008355363250203869,0.028508771929824556,0.9625070028011206,0.014401858304297329,0.013813813813813814,0.03333333333333333,Normalizer,BalancedKFold
2,RandomForestClassifier,1.0,1.0,1.0,1.0,0.9764425770308124,0.0,0.0,0.0,Normalizer,BalancedKFold
3,KNeighborsClassifier,0.9880112946278469,0.5418370035761341,0.65,0.5243180254557963,0.9740896358543416,0.0,0.0,0.0,Normalizer,BalancedKFold
4,MLPClassifier,0.9427645648777787,0.06249396462215525,0.16069258416957202,0.07089181286549709,0.9392919389978213,0.0010246814577207519,0.0005275443510737629,0.022222222222222223,Normalizer,BalancedKFold
5,LinearSVC,,,,,,,,,Normalizer,BalancedKFold
6,OneClassSVM,,,,,,,,,Normalizer,BalancedKFold
