,model,mean_train_precision,mean_train_recall,mean_train_f1,mean_train_accuracy,mean_test_precision,mean_test_recall,mean_test_f1,mean_test_accuracy,normalizer,foldingStrat
0,LogisticRegression,0.0,0.0,0.0,0.9705190313793033,0.0,0.0,0.0,0.970532212885154,Normalizer,BalancedKFold
1,SGDClassifier,0.048351013191894464,0.043095238095238096,0.0352039627039627,0.9566271880768253,0.03333333333333333,0.02,0.025,0.9528711484593837,Normalizer,BalancedKFold
2,RidgeClassifier,0.0,0.0,0.0,0.9705190313793033,0.0,0.0,0.0,0.970532212885154,Normalizer,BalancedKFold
3,RandomForestClassifier,1.0,1.0,1.0,1.0,0.0,0.0,0.0,0.9693417366946779,Normalizer,BalancedKFold
4,KNeighborsClassifier,0.36666666666666664,0.034957556935817806,0.06365550713376801,0.9706499214316592,0.0,0.0,0.0,0.9681652661064424,Normalizer,BalancedKFold
5,MLPClassifier,0.006106461006128392,0.15773809523809526,0.011755980078625132,0.8279246979064453,0.006614509246088193,0.175,0.012502732240437159,0.8246358543417367,Normalizer,BalancedKFold
6,LinearSVC,0.0,0.0,0.0,0.9705190313793033,0.0,0.0,0.0,0.970532212885154,Normalizer,BalancedKFold
