,model,mean_train_precision,mean_train_recall,mean_train_f1,mean_train_accuracy,mean_test_precision,mean_test_recall,mean_test_f1,mean_test_accuracy,normalizer,foldingStrat
0,LogisticRegression,0.0,0.0,0.0,0.9764154309593571,0.0,0.0,0.0,0.9764425770308124,Normalizer,BalancedKFold
1,SGDClassifier,0.07928571428571428,0.04860681114551083,0.05577591973244147,0.9710422484955364,0.1,0.05,0.06666666666666667,0.9740896358543418,Normalizer,BalancedKFold
2,RidgeClassifier,0.0,0.0,0.0,0.9764154309593571,0.0,0.0,0.0,0.9764425770308124,Normalizer,BalancedKFold
3,RandomForestClassifier,1.0,1.0,1.0,1.0,0.0,0.0,0.0,0.9764425770308124,Normalizer,BalancedKFold
4,KNeighborsClassifier,0.3,0.048636050911592704,0.08367400715226804,0.9760225892556937,0.0,0.0,0.0,0.9740896358543416,Normalizer,BalancedKFold
5,MLPClassifier,0.006944781502309376,0.28421052631578947,0.01355598432058873,0.7060355238689934,0.00857811306340718,0.3,0.016611200044934986,0.7082072829131653,Normalizer,BalancedKFold
6,LinearSVC,0.0,0.0,0.0,0.9764154309593571,0.0,0.0,0.0,0.9764425770308124,Normalizer,BalancedKFold
