,model,mean_train_accuracy,mean_train_f1,mean_train_precision,mean_train_recall,mean_test_accuracy,mean_test_f1,mean_test_precision,mean_test_recall,normalizer,foldingStrat
0,LogisticRegression,,,,,,,,,Normalizer,BalancedKFold
1,SGDClassifier,0.9016436304642165,0.031351806889376034,0.10875714411562187,0.048127789958380074,0.9050655624568669,0.04455026455026454,0.04259649122807018,0.07361111111111111,Normalizer,BalancedKFold
2,RandomForestClassifier,1.0,1.0,1.0,1.0,0.9211180124223602,0.0125,0.05,0.007142857142857143,Normalizer,BalancedKFold
3,KNeighborsClassifier,0.9615438212569611,0.5465987588192402,0.8758333333333334,0.5250766680865596,0.9182298136645962,0.0,0.0,0.0,Normalizer,BalancedKFold
4,MLPClassifier,0.8853019336761524,0.13753247830377294,0.2833796250507795,0.13076471948923954,0.8749597423510467,0.06357176180157548,0.08083897703669579,0.0894047619047619,Normalizer,BalancedKFold
5,LinearSVC,,,,,,,,,Normalizer,BalancedKFold
6,OneClassSVM,,,,,,,,,Normalizer,BalancedKFold
