,model,mean_train_precision,mean_train_recall,mean_train_f1,mean_train_accuracy,mean_test_precision,mean_test_recall,mean_test_f1,mean_test_accuracy,normalizer,foldingStrat
0,LogisticRegression,0.0,0.0,0.0,0.9205186500338061,0.0,0.0,0.0,0.9203933747412009,Normalizer,BalancedKFold
1,SGDClassifier,0.26644731684022205,0.2482862770528957,0.12895468268913596,0.7884768235846671,0.28806778476589795,0.3414285714285714,0.2021336517888242,0.786583850931677,Normalizer,BalancedKFold
2,RidgeClassifier,0.0,0.0,0.0,0.9205186500338061,0.0,0.0,0.0,0.9203933747412009,Normalizer,BalancedKFold
3,RandomForestClassifier,1.0,1.0,1.0,1.0,0.0,0.0,0.0,0.918944099378882,Normalizer,BalancedKFold
4,KNeighborsClassifier,0.5011904761904763,0.06411411534011129,0.11278496735884355,0.9219645631293449,0.0,0.0,0.0,0.9160662525879916,Normalizer,BalancedKFold
5,MLPClassifier,0.6433730158730159,0.05829414807333551,0.10476156422675616,0.922766615226603,0.1,0.014285714285714285,0.025,0.9174948240165632,Normalizer,BalancedKFold
6,LinearSVC,0.0,0.0,0.0,0.9205186500338061,0.0,0.0,0.0,0.9203933747412009,Normalizer,BalancedKFold
