,model,mean_train_precision,mean_train_recall,mean_train_f1,mean_train_accuracy,mean_test_precision,mean_test_recall,mean_test_f1,mean_test_accuracy,normalizer,foldingStrat
0,LogisticRegression,0.0,0.0,0.0,0.9152359305559404,0.0,0.0,0.0,0.9152262664596631,RobustScaler,BalancedKFold
1,SGDClassifier,0.04245471247264976,0.234572941001715,0.06967536793898127,0.7543616822423264,0.05102349151712802,0.2798611111111111,0.08363281952240702,0.7654562704847334,RobustScaler,BalancedKFold
2,RidgeClassifier,0.0,0.0,0.0,0.9152359305559404,0.0,0.0,0.0,0.9152262664596631,RobustScaler,BalancedKFold
3,RandomForestClassifier,0.12373426944453073,0.6202246785295229,0.20629236722365377,0.5954941460679188,0.1232014291710722,0.6097985347985349,0.20393904902691493,0.594468403197056,RobustScaler,BalancedKFold
4,KNeighborsClassifier,0.0,0.0,0.0,0.9152359305559404,0.0,0.0,0.0,0.9152262664596631,RobustScaler,BalancedKFold
5,MLPClassifier,0.05003070993540083,0.09173103837412903,0.04625152448139499,0.8293818492213593,0.06666911589118095,0.0668009768009768,0.03753132028748727,0.8284687482030936,RobustScaler,BalancedKFold
6,LinearSVC,0.0,0.0,0.0,0.9152359305559404,0.0,0.0,0.0,0.9152262664596631,RobustScaler,BalancedKFold
