,model,mean_train_precision,mean_train_recall,mean_train_f1,mean_train_accuracy,mean_test_precision,mean_test_recall,mean_test_f1,mean_test_accuracy,normalizer,foldingStrat
0,LogisticRegression,0.0,0.0,0.0,0.9270384995625454,0.0,0.0,0.0,0.9270283479960899,RobustScaler,BalancedKFold
1,SGDClassifier,0.023264461063928675,0.10220588235294117,0.03697830825014636,0.8746332097372926,0.06643266643266643,0.11923374613003095,0.059391992992956465,0.8857771260997067,RobustScaler,BalancedKFold
2,RidgeClassifier,0.0,0.0,0.0,0.9270384995625454,0.0,0.0,0.0,0.9270283479960899,RobustScaler,BalancedKFold
3,RandomForestClassifier,0.11135275362218397,0.632921267304521,0.1893505021612631,0.6046124635128709,0.10840497545269363,0.6003907663543886,0.1818708719363147,0.6024869185210742,RobustScaler,BalancedKFold
4,KNeighborsClassifier,0.0,0.0,0.0,0.9269192745146956,0.0,0.0,0.0,0.9270283479960899,RobustScaler,BalancedKFold
5,MLPClassifier,0.05159321676852095,0.2667424333836098,0.07407714706463117,0.6879092652965204,0.04473382974745317,0.25803018575851394,0.07467193660936752,0.691854982462193,RobustScaler,BalancedKFold
6,LinearSVC,0.0,0.0,0.0,0.9270384995625454,0.0,0.0,0.0,0.9270283479960899,RobustScaler,BalancedKFold
