,Total_Chol,LDL,HDL,FBG,TG
Total_Chol,1.0,0.9134522232600584,0.2329558866718357,0.015236976459129017,0.36148364641862746
LDL,0.9134522232600584,1.0,-0.039440602936723405,-0.0002551786449981289,0.18595227500759387
HDL,0.2329558866718357,-0.039440602936723405,1.0,-0.1208334054809784,-0.34211608163702
FBG,0.015236976459129017,-0.0002551786449981289,-0.1208334054809784,1.0,0.18572085023391124
TG,0.36148364641862746,0.18595227500759387,-0.34211608163702,0.18572085023391124,1.0
