,model,mean_train_precision,mean_train_recall,mean_train_f1,mean_train_accuracy,mean_test_precision,mean_test_recall,mean_test_f1,mean_test_accuracy,normalizer,foldingStrat
0,LogisticRegression,0.0,0.0,0.0,0.9762843693604057,0.0,0.0,0.0,0.9752661064425772,RobustScaler,BalancedKFold
1,SGDClassifier,0.017378048780487803,0.03602941176470588,0.023344074471894023,0.9681588933186033,0.075,0.10833333333333332,0.08857142857142856,0.9728991596638655,RobustScaler,BalancedKFold
2,RidgeClassifier,0.0,0.0,0.0,0.9764154309593571,0.0,0.0,0.0,0.9764425770308124,RobustScaler,BalancedKFold
3,RandomForestClassifier,1.0,1.0,1.0,1.0,0.0,0.0,0.0,0.9764425770308124,RobustScaler,BalancedKFold
4,KNeighborsClassifier,1.0,1.0,1.0,1.0,0.3,0.10833333333333332,0.15666666666666668,0.9729131652661064,RobustScaler,BalancedKFold
5,MLPClassifier,1.0,1.0,1.0,1.0,0.1,0.025,0.04,0.9528151260504201,RobustScaler,BalancedKFold
6,LinearSVC,0.0,0.0,0.0,0.9764154309593571,0.0,0.0,0.0,0.9764425770308124,RobustScaler,BalancedKFold
