,model,mean_train_precision,mean_train_recall,mean_train_f1,mean_train_accuracy,mean_test_precision,mean_test_recall,mean_test_f1,mean_test_accuracy,normalizer,foldingStrat
0,LogisticRegression,0.0,0.0,0.0,0.9703881413269473,0.0,0.0,0.0,0.9693557422969187,RobustScaler,BalancedKFold
1,SGDClassifier,0.01672889185199295,0.03919668737060041,0.022863693048563845,0.9262257004247495,0.016666666666666666,0.05,0.025,0.921064425770308,RobustScaler,BalancedKFold
2,RidgeClassifier,0.0,0.0,0.0,0.9705190313793033,0.0,0.0,0.0,0.970532212885154,RobustScaler,BalancedKFold
3,RandomForestClassifier,1.0,1.0,1.0,1.0,0.0,0.0,0.0,0.9693557422969187,RobustScaler,BalancedKFold
4,KNeighborsClassifier,1.0,1.0,1.0,1.0,0.25,0.095,0.13333333333333336,0.9670028011204479,RobustScaler,BalancedKFold
5,MLPClassifier,0.056378388607086626,0.32812629399585924,0.08617087688404976,0.7564177296837367,0.1476123636899499,0.425,0.11748783885138755,0.7642296918767507,RobustScaler,BalancedKFold
6,LinearSVC,0.0,0.0,0.0,0.9705190313793033,0.0,0.0,0.0,0.970532212885154,RobustScaler,BalancedKFold
