,model,mean_train_precision,mean_train_recall,mean_train_f1,mean_train_accuracy,mean_test_precision,mean_test_recall,mean_test_f1,mean_test_accuracy,normalizer,foldingStrat
0,LogisticRegression,0.0,0.0,0.0,0.8013764761708643,0.0,0.0,0.0,0.8008765575195597,RobustScaler,KFold
1,SGDClassifier,0.20711963621169577,0.2085698371696461,0.19424893388583986,0.6803266153942575,0.24508167161722588,0.2161198525319524,0.20575930541618162,0.6931444991789819,RobustScaler,KFold
2,RidgeClassifier,0.0,0.0,0.0,0.8013764761708643,0.0,0.0,0.0,0.8008765575195597,RobustScaler,KFold
3,RandomForestClassifier,1.0,1.0,1.0,1.0,0.2733333333333333,0.01966144966144966,0.036179193771305865,0.7959625229402105,RobustScaler,KFold
4,KNeighborsClassifier,1.0,1.0,1.0,1.0,0.2505604118104118,0.07871289462874201,0.11648709830292212,0.7709045687240413,RobustScaler,KFold
5,MLPClassifier,0.6883803144916648,0.24324291732519812,0.3568391445143193,0.8280338314337472,0.26269607843137255,0.09262243742481714,0.13254647824111865,0.7635274799575003,RobustScaler,KFold
6,LinearSVC,0.0,0.0,0.0,0.8013764761708643,0.0,0.0,0.0,0.8013667535979909,RobustScaler,KFold
