,model,mean_train_precision,mean_train_recall,mean_train_f1,mean_train_accuracy,mean_test_precision,mean_test_recall,mean_test_f1,mean_test_accuracy,normalizer,foldingStrat
0,LogisticRegression,0.0,0.0,0.0,0.8305497870701716,0.0,0.0,0.0,0.8305408992865437,RobustScaler,KFold
1,SGDClassifier,0.2118621960380926,0.20489448193186538,0.2047926724964902,0.7331073825915783,0.21102505175480318,0.20241533236268508,0.20433545900888617,0.7384718765555003,RobustScaler,KFold
2,RidgeClassifier,0.0,0.0,0.0,0.8305497870701716,0.0,0.0,0.0,0.8305408992865437,RobustScaler,KFold
3,RandomForestClassifier,1.0,1.0,1.0,1.0,0.1,0.0018867924528301887,0.0037037037037037034,0.8289115646258504,RobustScaler,KFold
4,KNeighborsClassifier,0.6193284913647031,0.15756196337478867,0.25073928846146193,0.8407784689945903,0.18536297036297036,0.0399798673427114,0.06472481369335803,0.8040716774514685,RobustScaler,KFold
5,MLPClassifier,0.19109805692817006,0.3490110859483886,0.23516357360876058,0.6336671657902985,0.1941959748727205,0.3538654878179738,0.23843162208675758,0.6342591670814668,RobustScaler,KFold
6,LinearSVC,0.15254957640387126,0.02597485909297133,0.0385009702679716,0.8192369348756321,0.12627257799671593,0.02705439214873177,0.03969158713326264,0.8219794259167081,RobustScaler,KFold
