,model,mean_train_precision,mean_train_recall,mean_train_f1,mean_train_accuracy,mean_test_precision,mean_test_recall,mean_test_f1,mean_test_accuracy,normalizer,foldingStrat
0,LogisticRegression,0.5126617826617826,0.0061601781676658505,0.01214754651178461,0.7825290858332865,0.2866666666666667,0.004517437559518214,0.008862054800574056,0.7822270757688219,RobustScaler,KFold
1,SGDClassifier,0.2245191931605323,0.2119937534252761,0.21515564818170202,0.6674408560752556,0.22082892367970622,0.21480748290344934,0.2146238851404927,0.6637570462797648,RobustScaler,KFold
2,RidgeClassifier,0.9,0.0007289125506264605,0.0014566451947565068,0.7827050616203262,0.1,0.0007692307692307692,0.0015267175572519086,0.7825435314650244,RobustScaler,KFold
3,RandomForestClassifier,0.8700698454245801,0.9775027770583569,0.9206544299807391,0.9633619024560737,0.3110798559775743,0.08214112133418812,0.12908164074883788,0.7597436759012217,RobustScaler,KFold
4,KNeighborsClassifier,0.6241109121381229,0.20710752826838452,0.3108080311798114,0.8003732176892704,0.24796083571211253,0.07656340352788472,0.11658827161952219,0.7475480952476479,RobustScaler,KFold
5,MLPClassifier,0.6834907794477139,0.14350967116939156,0.23669073684365607,0.7993347796893022,0.3002930114563814,0.060855415278021144,0.10067649296533113,0.7648047102248792,RobustScaler,KFold
6,LinearSVC,0.22518110062505828,0.06047306470626995,0.08668003793691816,0.7481596216582516,0.21492333982093648,0.05995982218697697,0.08245049882622241,0.742806776464924,RobustScaler,KFold
