,model,mean_train_precision,mean_train_recall,mean_train_f1,mean_train_accuracy,mean_test_precision,mean_test_recall,mean_test_f1,mean_test_accuracy,normalizer,foldingStrat
0,LogisticRegression,0.0,0.0,0.0,0.7998244242437165,0.0,0.0,0.0,0.7993583850455834,RobustScaler,KFold
1,SGDClassifier,0.17578897044040376,0.22040955560467243,0.16605469258806818,0.670565723044703,0.17995254816663372,0.20772315955853352,0.15299319328515573,0.6670152455374243,RobustScaler,KFold
2,RidgeClassifier,0.0,0.0,0.0,0.7998244242437165,0.0,0.0,0.0,0.7993583850455834,RobustScaler,KFold
3,RandomForestClassifier,1.0,1.0,1.0,1.0,0.315,0.03193393918078726,0.056887410149446295,0.791480885620164,RobustScaler,KFold
4,KNeighborsClassifier,0.5950088623114056,0.17014318567583758,0.264440720178221,0.8106777589037591,0.2172692537940216,0.07033057661736011,0.10494030780137278,0.7656400827396,RobustScaler,KFold
5,MLPClassifier,0.1922035137341786,0.22798509694362723,0.18131970358608063,0.6724142081085628,0.24560433398019604,0.254502137049616,0.19168718251870148,0.6714222784034323,RobustScaler,KFold
6,LinearSVC,0.0,0.0,0.0,0.7998244242437165,0.0,0.0,0.0,0.7997950662682908,RobustScaler,KFold
