,model,mean_train_precision,mean_train_recall,mean_train_f1,mean_train_accuracy,mean_test_precision,mean_test_recall,mean_test_f1,mean_test_accuracy,normalizer,foldingStrat
0,LogisticRegression,0.0,0.0,0.0,0.9480635277785712,0.0,0.0,0.0,0.9480635544666063,Normalizer,StratifiedKFold
1,SGDClassifier,0.008021390374331552,0.010727056019070322,0.009178990311065782,0.9421939221813946,0.0075,0.00967741935483871,0.008450704225352112,0.9423779357375093,Normalizer,StratifiedKFold
2,RidgeClassifier,0.0,0.0,0.0,0.9480635277785712,0.0,0.0,0.0,0.9480635544666063,Normalizer,StratifiedKFold
3,RandomForestClassifier,0.06701196379746541,0.5871481562605785,0.12029333964122806,0.5539766564502614,0.06600290161697209,0.5783573552962709,0.1184710132368382,0.5526317685382721,Normalizer,StratifiedKFold
4,KNeighborsClassifier,0.0,0.0,0.0,0.9480635277785712,0.0,0.0,0.0,0.9480635544666063,Normalizer,StratifiedKFold
5,MLPClassifier,0.0,0.0,0.0,0.9480635277785712,0.0,0.0,0.0,0.9480635544666063,Normalizer,StratifiedKFold
6,LinearSVC,0.0,0.0,0.0,0.9480635277785712,0.0,0.0,0.0,0.9480635544666063,Normalizer,StratifiedKFold
