,model,mean_train_accuracy,mean_train_f1,mean_train_precision,mean_train_recall,mean_test_accuracy,mean_test_f1,mean_test_precision,mean_test_recall,normalizer,foldingStrat
0,LogisticRegression,,,,,,,,,Normalizer,StratifiedKFold
1,SGDClassifier,0.8942926793213549,0.0095918031641324,0.0068695518591492715,0.06043263801377364,0.8945240748108185,0.010966575375785811,0.008740747840403388,0.06232364828795852,Normalizer,StratifiedKFold
2,RandomForestClassifier,0.5138950977382721,0.12737387667414066,0.07022669023215067,0.6839539342494902,0.5125227271882238,0.12577447136666645,0.06934138133393454,0.6759322809425762,Normalizer,StratifiedKFold
3,KNeighborsClassifier,0.9481300090259381,0.0,0.0,0.0,0.9481300187270791,0.0,0.0,0.0,Normalizer,StratifiedKFold
4,MLPClassifier,0.9481300090259381,0.0,0.0,0.0,0.9481300187270791,0.0,0.0,0.0,Normalizer,StratifiedKFold
5,LinearSVC,,,,,,,,,Normalizer,StratifiedKFold
6,OneClassSVM,,,,,,,,,Normalizer,StratifiedKFold
