,model,mean_train_precision,mean_train_recall,mean_train_f1,mean_train_accuracy,mean_test_precision,mean_test_recall,mean_test_f1,mean_test_accuracy,normalizer,foldingStrat
0,LogisticRegression,0.0,0.0,0.0,0.782546725529242,0.0,0.0,0.0,0.7825470420670424,Normalizer,StratifiedKFold
1,SGDClassifier,0.11385426857848861,0.30231961531910434,0.15175717478272513,0.6194307320789701,0.1074535721556735,0.29949222469057446,0.14734930463432183,0.616281670645349,Normalizer,StratifiedKFold
2,RidgeClassifier,0.0,0.0,0.0,0.782546725529242,0.0,0.0,0.0,0.7825470420670424,Normalizer,StratifiedKFold
3,RandomForestClassifier,0.24217080969693056,0.6656123973114265,0.35499552453621075,0.4742370908920638,0.23732404749710362,0.6546704749814873,0.3481070787003397,0.46752943890549464,Normalizer,StratifiedKFold
4,KNeighborsClassifier,0.20413534069090153,0.10010101804174362,0.13432901496395452,0.7407701994183731,0.19348763220526005,0.09543531154130963,0.12766822151027413,0.7378778912315191,Normalizer,StratifiedKFold
5,MLPClassifier,0.06732342981506827,0.023063362289218188,0.03364102681815556,0.7706862039925545,0.06472906403940887,0.018946366232941922,0.028757711518589836,0.7711423498966881,Normalizer,StratifiedKFold
6,LinearSVC,0.0,0.0,0.0,0.782546725529242,0.0,0.0,0.0,0.7825470420670424,Normalizer,StratifiedKFold
