,model,mean_train_precision,mean_train_recall,mean_train_f1,mean_train_accuracy,mean_test_precision,mean_test_recall,mean_test_f1,mean_test_accuracy,normalizer,foldingStrat
0,LogisticRegression,0.0,0.0,0.0,0.9764154309593571,0.0,0.0,0.0,0.9764425770308124,StandardScaler,BalancedKFold
1,SGDClassifier,0.01818181818181818,0.010526315789473684,0.013333333333333332,0.9752358765687937,0.0,0.0,0.0,0.9740896358543418,StandardScaler,BalancedKFold
2,RidgeClassifier,0.0,0.0,0.0,0.9764154309593571,0.0,0.0,0.0,0.9764425770308124,StandardScaler,BalancedKFold
3,RandomForestClassifier,1.0,1.0,1.0,1.0,0.0,0.0,0.0,0.9764425770308124,StandardScaler,BalancedKFold
4,KNeighborsClassifier,0.37785714285714284,0.11432920536635707,0.1743377926421405,0.9766777257038557,0.0,0.0,0.0,0.971736694677871,StandardScaler,BalancedKFold
5,MLPClassifier,1.0,1.0,1.0,1.0,0.15,0.05833333333333333,0.08333333333333333,0.9622969187675068,StandardScaler,BalancedKFold
6,LinearSVC,0.0,0.0,0.0,0.9764154309593571,0.0,0.0,0.0,0.9764425770308124,StandardScaler,BalancedKFold
