,model,mean_train_precision,mean_train_recall,mean_train_f1,mean_train_accuracy,mean_test_precision,mean_test_recall,mean_test_f1,mean_test_accuracy,normalizer,foldingStrat
0,LogisticRegression,0.0,0.0,0.0,0.9703881413269473,0.0,0.0,0.0,0.9693557422969187,StandardScaler,BalancedKFold
1,SGDClassifier,0.026354679802955666,0.03916666666666667,0.024400330851943756,0.9640970130306794,0.01818181818181818,0.04,0.025000000000000005,0.962296918767507,StandardScaler,BalancedKFold
2,RidgeClassifier,0.0,0.0,0.0,0.9705190313793033,0.0,0.0,0.0,0.970532212885154,StandardScaler,BalancedKFold
3,RandomForestClassifier,1.0,1.0,1.0,1.0,0.0,0.0,0.0,0.9693557422969187,StandardScaler,BalancedKFold
4,KNeighborsClassifier,0.37666666666666665,0.06538612836438924,0.11110546924340028,0.9706499214316592,0.0,0.0,0.0,0.9658123249299718,StandardScaler,BalancedKFold
5,MLPClassifier,1.0,1.0,1.0,1.0,0.03333333333333333,0.05,0.04,0.9387254901960784,StandardScaler,BalancedKFold
6,LinearSVC,0.0,0.0,0.0,0.9705190313793033,0.0,0.0,0.0,0.970532212885154,StandardScaler,BalancedKFold
