,model,mean_train_precision,mean_train_recall,mean_train_f1,mean_train_accuracy,mean_test_precision,mean_test_recall,mean_test_f1,mean_test_accuracy,normalizer,foldingStrat
0,LogisticRegression,0.15,0.0012704686617730095,0.002517316445675836,0.80379213192492,0.05,0.004,0.007407407407407407,0.8041208791208792,StandardScaler,BalancedKFold
1,SGDClassifier,0.17335008995540974,0.19143314419617427,0.1622451457691792,0.6811227099242283,0.14172237159449436,0.19869017094017094,0.15927480579297182,0.6761944577161969,StandardScaler,BalancedKFold
2,RidgeClassifier,0.0,0.0,0.0,0.8040354409273531,0.0,0.0,0.0,0.8030219780219781,StandardScaler,BalancedKFold
3,RandomForestClassifier,1.0,1.0,1.0,1.0,0.26666666666666666,0.033914529914529916,0.05744170030076613,0.7921046344959388,StandardScaler,BalancedKFold
4,KNeighborsClassifier,0.616626355729135,0.18253236407637638,0.281468463621619,0.817650841234224,0.23643939393939392,0.07664705882352943,0.1084203872089929,0.7713210702341137,StandardScaler,BalancedKFold
5,MLPClassifier,0.19101697844063403,0.49410189396078774,0.22620938968971246,0.5073446503061319,0.24948158973734422,0.5499102564102565,0.2836134339754912,0.5400621118012422,StandardScaler,BalancedKFold
6,LinearSVC,0.0,0.0,0.0,0.8041570954285697,0.0,0.0,0.0,0.8041208791208792,StandardScaler,BalancedKFold
