,model,mean_train_precision,mean_train_recall,mean_train_f1,mean_train_accuracy,mean_test_precision,mean_test_recall,mean_test_f1,mean_test_accuracy,normalizer,foldingStrat
0,LogisticRegression,0.0,0.0,0.0,0.948063523178026,0.0,0.0,0.0,0.9480631818224164,Normalizer,KFold
1,SGDClassifier,0.011383960950763175,0.13668280871670702,0.020486359296666246,0.8319149163668804,0.010893991538911485,0.1330188679245283,0.019447922862599006,0.8296787807082102,Normalizer,KFold
2,RidgeClassifier,0.0,0.0,0.0,0.948063523178026,0.0,0.0,0.0,0.9480631818224164,Normalizer,KFold
3,RandomForestClassifier,0.06695201123473879,0.5897746124238037,0.12025094353797201,0.5518094576858146,0.06593252100879406,0.5809530629856227,0.1183727496790831,0.5509633473385441,Normalizer,KFold
4,KNeighborsClassifier,0.014380349056713032,0.011007218129468399,0.010181816109574053,0.9419582600201313,0.006716417910447761,0.010465116279069767,0.008181818181818182,0.9409322626023607,Normalizer,KFold
5,MLPClassifier,0.0,0.0,0.0,0.948063523178026,0.0,0.0,0.0,0.9480631818224164,Normalizer,KFold
6,LinearSVC,0.0,0.0,0.0,0.948063523178026,0.0,0.0,0.0,0.9480631818224164,Normalizer,KFold
