,model,mean_train_precision,mean_train_recall,mean_train_f1,mean_train_accuracy,mean_test_precision,mean_test_recall,mean_test_f1,mean_test_accuracy,normalizer,foldingStrat
0,LogisticRegression,0.0,0.0,0.0,0.7825466852701044,0.0,0.0,0.0,0.7825437822223115,Normalizer,KFold
1,SGDClassifier,0.08417120318267202,0.18296892190875896,0.0869877460012223,0.684166363019864,0.12802714137399465,0.19704824855509787,0.10928468581483777,0.6914017833858253,Normalizer,KFold
2,RidgeClassifier,0.0,0.0,0.0,0.7825466852701044,0.0,0.0,0.0,0.7825437822223115,Normalizer,KFold
3,RandomForestClassifier,0.24195823114183362,0.6775516443925371,0.3561276733377774,0.4676565273719088,0.23522236375977584,0.6567669604738227,0.3457695144843108,0.46419361471644366,Normalizer,KFold
4,KNeighborsClassifier,0.17439208050820407,0.13397468049750513,0.14020895172312853,0.7208494145361377,0.16137448310009056,0.12957838554139922,0.13121774938053396,0.7179273907199744,Normalizer,KFold
5,MLPClassifier,0.04976164731324338,0.03226582658384049,0.039027320542927214,0.7682760535615,0.05377777777777778,0.03295973432959735,0.040746054519368725,0.7698654937912496,Normalizer,KFold
6,LinearSVC,0.0,0.0,0.0,0.7825466852701044,0.0,0.0,0.0,0.7825437822223115,Normalizer,KFold
