,model,mean_train_accuracy,mean_train_f1,mean_train_precision,mean_train_recall,mean_test_accuracy,mean_test_f1,mean_test_precision,mean_test_recall,normalizer,foldingStrat
0,LogisticRegression,,,,,,,,,Normal,StratifiedKFold
1,SGDClassifier,0.9481300090259381,0.0,0.0,0.0,0.9481300187270792,0.0,0.0,0.0,Normal,StratifiedKFold
2,RandomForestClassifier,0.5191328040520682,0.12805480983052508,0.0706754408976163,0.6807349640582464,0.5176985770642235,0.12626544668041054,0.06968581854348702,0.6716312056737589,Normal,StratifiedKFold
3,KNeighborsClassifier,0.9481331009806719,0.00011904761904761903,0.05,5.959475566150178e-05,0.9481021945757158,0.0,0.0,0.0,Normal,StratifiedKFold
4,MLPClassifier,0.9481306961269902,2.6455026455026453e-05,0.011111111111111112,1.3243279035889286e-05,0.9481238355823317,0.0,0.0,0.0,Normal,StratifiedKFold
5,LinearSVC,,,,,,,,,Normal,StratifiedKFold
6,OneClassSVM,,,,,,,,,Normal,StratifiedKFold
