,model,mean_train_precision,mean_train_recall,mean_train_f1,mean_train_accuracy,mean_test_precision,mean_test_recall,mean_test_f1,mean_test_accuracy,normalizer,foldingStrat
0,LogisticRegression,0.0,0.0,0.0,0.782546725529242,0.0,0.0,0.0,0.7825470420670424,Normal,StratifiedKFold
1,SGDClassifier,0.11564913919813738,0.09024101515925737,0.09646079738709896,0.73763771334788,0.1097511094760781,0.08514228287316197,0.09095173296862666,0.7385163192842383,Normal,StratifiedKFold
2,RidgeClassifier,0.0,0.0,0.0,0.782546725529242,0.0,0.0,0.0,0.7825470420670424,Normal,StratifiedKFold
3,RandomForestClassifier,0.24217080969693056,0.6656123973114265,0.35499552453621075,0.4742370908920638,0.23732404749710362,0.6546704749814873,0.3481070787003397,0.46752943890549464,Normal,StratifiedKFold
4,KNeighborsClassifier,0.22697296417350277,0.1168626102223445,0.15370239774107025,0.7323753176058846,0.22866217836251646,0.11793610494023062,0.15481849253048469,0.7320274729683645,Normal,StratifiedKFold
5,MLPClassifier,0.05078575597363362,0.034817813765182185,0.04102130232411717,0.7678159969125578,0.05084033613445378,0.035507246376811595,0.04162152466367713,0.7668824851050171,Normal,StratifiedKFold
6,LinearSVC,0.0,0.0,0.0,0.782546725529242,0.0,0.0,0.0,0.7825470420670424,Normal,StratifiedKFold
