,model,mean_train_precision,mean_train_recall,mean_train_f1,mean_train_accuracy,mean_test_precision,mean_test_recall,mean_test_f1,mean_test_accuracy,normalizer,foldingStrat
0,LogisticRegression,0.0,0.0,0.0,0.9480635277785712,0.0,0.0,0.0,0.9480635544666063,Normal,StratifiedKFold
1,SGDClassifier,0.005338838268792711,0.08939213349225268,0.010075905152146169,0.8702926345462989,0.10553766902768835,0.09462365591397849,0.014660101042399436,0.8712391040391525,Normal,StratifiedKFold
2,RidgeClassifier,0.0,0.0,0.0,0.9480635277785712,0.0,0.0,0.0,0.9480635544666063,Normal,StratifiedKFold
3,RandomForestClassifier,0.07074192497969813,0.6794223148935685,0.12814072880117772,0.5198167276973715,0.06987464903071783,0.6705902539464654,0.12655036808323358,0.5185279001810429,Normal,StratifiedKFold
4,KNeighborsClassifier,0.0,0.0,0.0,0.9480635277785712,0.0,0.0,0.0,0.9480635544666063,Normal,StratifiedKFold
5,MLPClassifier,0.0,0.0,0.0,0.9480635277785712,0.0,0.0,0.0,0.9480635544666063,Normal,StratifiedKFold
6,LinearSVC,0.0,0.0,0.0,0.9480635277785712,0.0,0.0,0.0,0.9480635544666063,Normal,StratifiedKFold
