,model,mean_train_precision,mean_train_recall,mean_train_f1,mean_train_accuracy,mean_test_precision,mean_test_recall,mean_test_f1,mean_test_accuracy,normalizer,foldingStrat
0,LogisticRegression,0.0,0.0,0.0,0.8041570954285697,0.0,0.0,0.0,0.8041208791208792,MinMaxScaler,BalancedKFold
1,SGDClassifier,0.13257418909592822,0.026345877129335015,0.03237997990885092,0.7944349347973263,0.09166666666666667,0.03166666666666666,0.04301470588235294,0.8008241758241758,MinMaxScaler,BalancedKFold
2,RidgeClassifier,0.0,0.0,0.0,0.8041570954285697,0.0,0.0,0.0,0.8041208791208792,MinMaxScaler,BalancedKFold
3,RandomForestClassifier,1.0,1.0,1.0,1.0,0.275,0.033914529914529916,0.05802649562240355,0.7931915910176779,MinMaxScaler,BalancedKFold
4,KNeighborsClassifier,1.0,1.0,1.0,1.0,0.18333333333333335,0.0686003016591252,0.09815873015873015,0.7593167701863354,MinMaxScaler,BalancedKFold
5,MLPClassifier,0.6655844155844156,0.05523319656682938,0.10192693271582716,0.8095063458417219,0.3333333333333333,0.032574660633484166,0.05922761449077239,0.8008719541328236,MinMaxScaler,BalancedKFold
6,LinearSVC,0.0,0.0,0.0,0.8041570954285697,0.0,0.0,0.0,0.8041208791208792,MinMaxScaler,BalancedKFold
