,DIABETES,HYPERTEN,CHEST_PAIN
DIABETES,1.0,0.1825659344634182,0.07666443176365646
HYPERTEN,0.1825659344634182,1.0,0.15204172727419835
CHEST_PAIN,0.07666443176365646,0.15204172727419835,1.0
