,DIABETES,HYPERTEN,CHEST_PAIN
DIABETES,1.0,0.13579563284602292,0.04782884922187319
HYPERTEN,0.13579563284602292,1.0,0.11042020847715414
CHEST_PAIN,0.04782884922187319,0.11042020847715414,1.0
