,model,train_accuracy,train_f1,train_precision,train_recall,test_accuracy,test_f1,test_precision,test_recall
0,LogisticRegression,0.9578492512708805,0.03723457631229817,0.2497312409812409,0.020174461973401146,0.9574157190903265,0.029249805749805746,0.1,0.018345959595959593
1,SGDClassifier,0.9493349875930521,0.1569172850480712,0.2570517823153826,0.17342098898666816,0.9484795403587447,0.14625086490296818,0.21060786561694575,0.16776998001998003
2,RidgeClassifier,0.959338688732224,0.0,0.0,0.0,0.959338164638053,0.0,0.0,0.0
3,RandomForestClassifier,0.9959785348712846,0.9479300120444111,1.0,0.9010811746689206,0.9862375880845612,0.800254985511564,0.9229321789321787,0.7245174576885102
4,KNeighborsClassifier,0.9845348047538194,0.7945369491592289,0.8724847572852872,0.7333708922884324,0.9796238388853302,0.7152638421786236,0.814943278943279,0.6656967199467202
5,MLPClassifier,0.9838396805488127,0.7761205879364197,0.8883380640497588,0.6898502707987553,0.9809232863549004,0.7203775002870577,0.844258297258297,0.6462801691772279
