,model,train_accuracy,train_f1,train_precision,train_recall,test_accuracy,test_f1,test_precision,test_recall
0,LogisticRegression,0.977992295785058,0.001976481608081656,0.21833333333333332,0.000992950142652228,0.9779857614707946,0.0017699115044247787,0.1,0.0008928571428571428
1,SGDClassifier,0.9706194409886166,0.018746420184483633,0.10397805112663513,0.01896171245724374,0.9699010045001384,0.018366229725210282,0.10034145093387296,0.017004504504504504
2,RidgeClassifier,0.9780446171362627,0.0,0.0,0.0,0.9780446196226487,0.0,0.0,0.0
3,RandomForestClassifier,1.0,1.0,1.0,1.0,0.9998430295285589,0.996396286216914,1.0,0.9928410553410554
4,KNeighborsClassifier,0.999616309520851,0.991201539585326,0.9979873084830719,0.9845103127315143,0.9994310224655807,0.9868815146403378,0.9972643869891578,0.9767776705276706
5,MLPClassifier,1.0,1.0,1.0,1.0,1.0,1.0,1.0,1.0
