,model,mean_train_precision,mean_train_recall,mean_train_f1,mean_train_accuracy,mean_test_precision,mean_test_recall,mean_test_f1,mean_test_accuracy,normalizer,foldingStrat
0,LogisticRegression,0.0,0.0,0.0,0.8305499304572613,0.0,0.0,0.0,0.8305525136884022,RobustScaler,StratifiedKFold
1,SGDClassifier,0.200893227720481,0.18640713012477717,0.18851793929883456,0.7341481885089587,0.2326357935758403,0.22090592334494774,0.2226958866402219,0.7478646092583375,RobustScaler,StratifiedKFold
2,RidgeClassifier,0.0,0.0,0.0,0.8305499304572613,0.0,0.0,0.0,0.8305525136884022,RobustScaler,StratifiedKFold
3,RandomForestClassifier,1.0,0.9997326203208556,0.9998661311914324,0.9999547511312217,0.1,0.0024390243902439024,0.0047619047619047615,0.8305525136884022,RobustScaler,StratifiedKFold
4,KNeighborsClassifier,1.0,1.0,1.0,1.0,0.20933637999427473,0.05743321718931475,0.08909364479263135,0.8040766550522648,RobustScaler,StratifiedKFold
5,MLPClassifier,0.18597290056946553,0.3277547237076649,0.2279273590189856,0.6423529002087306,0.18335053848635824,0.31678281068524966,0.222258794342028,0.6469337979094076,RobustScaler,StratifiedKFold
6,LinearSVC,0.09802513766063946,0.017363279857397503,0.026148675572969137,0.8208663447967897,0.11774358974358974,0.03124274099883856,0.044961716241487606,0.821982744317239,RobustScaler,StratifiedKFold
