,model,mean_train_precision,mean_train_recall,mean_train_f1,mean_train_accuracy,mean_test_precision,mean_test_recall,mean_test_f1,mean_test_accuracy,normalizer,foldingStrat
0,LogisticRegression,0.0,0.0,0.0,0.8142566506004846,0.0,0.0,0.0,0.8142591670814667,RobustScaler,StratifiedKFold
1,SGDClassifier,0.20824248666253853,0.19203252032520327,0.19434049627436661,0.7092080731028352,0.20637856559667417,0.2086473429951691,0.2047315202399173,0.7034992533598804,RobustScaler,StratifiedKFold
2,RidgeClassifier,0.0,0.0,0.0,0.8142566506004846,0.0,0.0,0.0,0.8142591670814667,RobustScaler,StratifiedKFold
3,RandomForestClassifier,0.9535583634182097,0.9795317785294643,0.966354673189531,0.9873274899680247,0.28905122655122656,0.030821256038647337,0.0542862185798073,0.8032536917205906,RobustScaler,StratifiedKFold
4,KNeighborsClassifier,0.6046561509811206,0.17128716396653015,0.2665206731479224,0.8252545428102641,0.19661683904330965,0.059130434782608696,0.09031693387784649,0.7812560146009623,RobustScaler,StratifiedKFold
5,MLPClassifier,0.1804205119189242,0.13773722627737228,0.12906272989915155,0.7280724268674632,0.22521667961462177,0.13323671497584538,0.13402645625436818,0.729623361539738,RobustScaler,StratifiedKFold
6,LinearSVC,0.19018309425606653,0.030205922497181174,0.047095527017794694,0.7983255460487639,0.18831501831501832,0.03951690821256039,0.06137634175217723,0.8004181184668988,RobustScaler,StratifiedKFold
