,model,mean_train_precision,mean_train_recall,mean_train_f1,mean_train_accuracy,mean_test_precision,mean_test_recall,mean_test_f1,mean_test_accuracy,normalizer,foldingStrat
0,LogisticRegression,0.521906236178682,0.006393354558914088,0.012613177631283062,0.7825643249660601,0.36666666666666664,0.006553475087273881,0.012837751122230623,0.7822305863708399,RobustScaler,StratifiedKFold
1,SGDClassifier,0.23207652429806874,0.3032089933571793,0.21829987152096358,0.6226748536410024,0.25879391338213376,0.3133238125462816,0.22616632555590002,0.6249470902124415,RobustScaler,StratifiedKFold
2,RidgeClassifier,0.75,0.0007283518729609685,0.001455133598552308,0.7826523097627232,0.1,0.00072992700729927,0.0014492753623188404,0.7825470420670424,RobustScaler,StratifiedKFold
3,RandomForestClassifier,0.8671713854085292,0.9793634946215427,0.9198526133515996,0.9628867269525573,0.30344328208116783,0.08377234740294087,0.13080994400251894,0.7576784388854341,RobustScaler,StratifiedKFold
4,KNeighborsClassifier,0.987618554944669,0.8965768510147661,0.9398920419123107,0.9750642427445138,0.22280546685203095,0.07354807997461124,0.11045832543023915,0.7416831330618467,RobustScaler,StratifiedKFold
5,MLPClassifier,0.6610259125184077,0.05956101044246165,0.10846276500289695,0.7887762603386239,0.2817798455414554,0.024769914312916533,0.045204722184080115,0.7736780075829003,RobustScaler,StratifiedKFold
6,LinearSVC,0.22854945311946556,0.04523511916460307,0.07342581025160717,0.7588078693359342,0.25076240749415624,0.05468105363376705,0.08775599678622062,0.7610049850548657,RobustScaler,StratifiedKFold
