,model,mean_train_precision,mean_train_recall,mean_train_f1,mean_train_accuracy,mean_test_precision,mean_test_recall,mean_test_f1,mean_test_accuracy,normalizer,foldingStrat
0,LogisticRegression,0.0,0.0,0.0,0.7997274797025328,0.0,0.0,0.0,0.799825710564621,RobustScaler,StratifiedKFold
1,SGDClassifier,0.2066443320522767,0.2337095173977748,0.20239947373464579,0.6647691881250044,0.21148328149771928,0.2485990338164251,0.20617488498880757,0.6605397226691182,RobustScaler,StratifiedKFold
2,RidgeClassifier,0.0,0.0,0.0,0.799824803303506,0.0,0.0,0.0,0.799825710564621,RobustScaler,StratifiedKFold
3,RandomForestClassifier,1.0,0.9997572815533982,0.9998784933171324,0.9999513381995133,0.29166666666666663,0.030531400966183574,0.05486348385508048,0.7914962077683291,RobustScaler,StratifiedKFold
4,KNeighborsClassifier,1.0,1.0,1.0,1.0,0.17450651472710293,0.058985507246376814,0.08735218417379763,0.7551386654408947,RobustScaler,StratifiedKFold
5,MLPClassifier,0.6671166722596678,0.1101469302907897,0.18840711118266623,0.8106783274934435,0.26616161616161615,0.05241545893719807,0.08512986933210286,0.7818624071094767,RobustScaler,StratifiedKFold
6,LinearSVC,0.0,0.0,0.0,0.799824803303506,0.0,0.0,0.0,0.799825710564621,RobustScaler,StratifiedKFold
