,model,mean_train_precision,mean_train_recall,mean_train_f1,mean_train_accuracy,mean_test_precision,mean_test_recall,mean_test_f1,mean_test_accuracy,normalizer,foldingStrat
0,LogisticRegression,0.0,0.0,0.0,0.954032154635098,0.0,0.0,0.0,0.9540324517532707,RobustScaler,StratifiedKFold
1,SGDClassifier,0.06161290201439253,0.05234355676477863,0.04573181535637174,0.9166113847498087,0.040039553168423135,0.04336134453781513,0.03624279264191432,0.9139080204006669,RobustScaler,StratifiedKFold
2,RidgeClassifier,0.0,0.0,0.0,0.954032154635098,0.0,0.0,0.0,0.9540324517532707,RobustScaler,StratifiedKFold
3,RandomForestClassifier,1.0,0.9980728007255338,0.9990327733302371,0.9999114303986264,0.0,0.0,0.0,0.9535012432539347,RobustScaler,StratifiedKFold
4,KNeighborsClassifier,0.485952380952381,0.012846277516695523,0.024994942638348585,0.9539731140446923,0.0,0.0,0.0,0.9523056709332882,RobustScaler,StratifiedKFold
5,MLPClassifier,0.8285629893433283,0.1984582405804271,0.3193842273811131,0.9612358649361517,0.08568181818181819,0.025882352941176474,0.039376468545563884,0.942076198751095,RobustScaler,StratifiedKFold
6,LinearSVC,0.0,0.0,0.0,0.954032154635098,0.0,0.0,0.0,0.9540324517532707,RobustScaler,StratifiedKFold
