,model,train_accuracy,train_f1,train_precision,train_recall,test_accuracy,test_f1,test_precision,test_recall
0,LogisticRegression,0.9566577333356331,0.025116013712639627,0.1447854645354645,0.013775460510747286,0.9563454916720053,0.027901320901320904,0.105,0.016655483405483403
1,SGDClassifier,0.9322984887425738,0.02735896277047124,0.0568806359981786,0.0476812262202007,0.9319236467008328,0.02709335031125423,0.06447652520623154,0.044357826813709166
2,RidgeClassifier,0.9593386911963644,0.0,0.0,0.0,0.9593383648302367,0.0,0.0,0.0
3,RandomForestClassifier,1.0,1.0,1.0,1.0,0.9941916239590002,0.9207449218813865,0.99875,0.8618309293046132
4,KNeighborsClassifier,0.96257574644979,0.20442291486459976,0.7573011457496753,0.11855094974651094,0.9598340406790519,0.14813453703159582,0.41966666666666663,0.09383336108336109
5,MLPClassifier,0.9607735159097237,0.16131098582738268,0.7433285110091451,0.12223925351391757,0.9573726777706598,0.08339136899952622,0.159995670995671,0.06991738816738817
