,model,mean_train_precision,mean_train_recall,mean_train_f1,mean_train_accuracy,mean_test_precision,mean_test_recall,mean_test_f1,mean_test_accuracy,normalizer,foldingStrat
0,LogisticRegression,0.0,0.0,0.0,0.9707545837579893,0.0,0.0,0.0,0.9707543371171556,Normalizer,KFold
1,SGDClassifier,0.1158885116015846,0.020491443924485802,0.014957226663251968,0.9639719344888735,0.11070707070707071,0.011929454193605134,0.013120300751879699,0.9636509364365435,Normalizer,KFold
2,RidgeClassifier,0.0,0.0,0.0,0.9707545837579893,0.0,0.0,0.0,0.9707543371171556,Normalizer,KFold
3,RandomForestClassifier,1.0,0.9968555294403693,0.9984233223352346,0.9999080330569317,0.0,0.0,0.0,0.9706853240046642,Normalizer,KFold
4,KNeighborsClassifier,1.0,0.00839078049624946,0.016634411099761923,0.9709998291352798,0.0,0.0,0.0,0.9707543371171556,Normalizer,KFold
5,MLPClassifier,0.0,0.0,0.0,0.9707545837579893,0.0,0.0,0.0,0.9707543371171556,Normalizer,KFold
6,LinearSVC,0.0,0.0,0.0,0.9707545837579893,0.0,0.0,0.0,0.9707543371171556,Normalizer,KFold
