,model,mean_train_precision,mean_train_recall,mean_train_f1,mean_train_accuracy,mean_test_precision,mean_test_recall,mean_test_f1,mean_test_accuracy,normalizer,foldingStrat
0,LogisticRegression,0.0,0.0,0.0,0.9764795935642929,0.0,0.0,0.0,0.9764673901488576,Normal,StratifiedKFold
1,SGDClassifier,0.026272785565474455,0.08867818224292644,0.01984858850704109,0.9184087105236387,0.04920402452818955,0.09346622369878185,0.02779141549527417,0.9188352604930735,Normal,StratifiedKFold
2,RidgeClassifier,0.0,0.0,0.0,0.9766326819074307,0.0,0.0,0.0,0.9766327401508319,Normal,StratifiedKFold
3,RandomForestClassifier,1.0,0.9942360280881122,0.9971080250592154,0.999865283877926,0.0,0.0,0.0,0.9764674205217455,Normal,StratifiedKFold
4,KNeighborsClassifier,0.5031349206349207,0.007861648184029353,0.015465502750650043,0.9766326811574828,0.0,0.0,0.0,0.9761918473094177,Normal,StratifiedKFold
5,MLPClassifier,0.4068152235427278,0.007333965453271221,0.014038331270178136,0.9764551028941497,0.0125,0.002325581395348837,0.003921568627450981,0.9758060205138486,Normal,StratifiedKFold
6,LinearSVC,0.0,0.0,0.0,0.9766326819074307,0.0,0.0,0.0,0.9766327401508319,Normal,StratifiedKFold
