,model,mean_train_accuracy,mean_train_f1,mean_train_precision,mean_train_recall,mean_test_accuracy,mean_test_f1,mean_test_precision,mean_test_recall,normalizer,foldingStrat
0,LogisticRegression,,,,,,,,,Normal,StratifiedKFold
1,SGDClassifier,0.9616471520251296,0.01286845321910325,0.025767979219094225,0.026352072483086214,0.961507097637698,0.013752547317099172,0.019956053639328872,0.02580287929125139,Normal,StratifiedKFold
2,RandomForestClassifier,0.9998591603666989,0.9969835163308417,0.997900942321587,0.9960708936252078,0.9765776437320991,0.0,0.0,0.0,Normal,StratifiedKFold
3,KNeighborsClassifier,0.9882918467213201,0.5072079883109291,0.7515674603174604,0.502882673042833,0.9759163196564218,0.0,0.0,0.0,Normal,StratifiedKFold
4,MLPClassifier,0.976600702258614,0.002711616573872553,0.2319285447063225,0.0013982981621189152,0.9765776336078029,0.0,0.0,0.0,Normal,StratifiedKFold
5,LinearSVC,,,,,,,,,Normal,StratifiedKFold
6,OneClassSVM,,,,,,,,,Normal,StratifiedKFold
