,model,mean_train_precision,mean_train_recall,mean_train_f1,mean_train_accuracy,mean_test_precision,mean_test_recall,mean_test_f1,mean_test_accuracy,normalizer,foldingStrat
0,LogisticRegression,0.0,0.0,0.0,0.9706396283094438,0.0,0.0,0.0,0.9706166440589229,Normal,StratifiedKFold
1,SGDClassifier,0.023333333333333334,0.0007853403141361258,0.0015190067639274253,0.9700878184284779,0.03333333333333333,0.002325581395348837,0.004347826086956523,0.9701339330334833,Normal,StratifiedKFold
2,RidgeClassifier,0.0,0.0,0.0,0.970754587281942,0.0,0.0,0.0,0.9707546226886556,Normal,StratifiedKFold
3,RandomForestClassifier,1.0,0.9958094570639403,0.9978968089550813,0.9998773764303666,0.0,0.0,0.0,0.9706856571714143,Normal,StratifiedKFold
4,KNeighborsClassifier,0.48154761904761906,0.007073559522337196,0.013915109479968426,0.9707086038104077,0.0,0.0,0.0,0.9699959068085005,Normal,StratifiedKFold
5,MLPClassifier,0.6,0.0018338349067623092,0.0036553667199795857,0.9708082341759606,0.0,0.0,0.0,0.9706856571714143,Normal,StratifiedKFold
6,LinearSVC,0.016666666666666666,0.0005249343832020997,0.0010178117048346056,0.9706932752034625,0.0,0.0,0.0,0.970616691654173,Normal,StratifiedKFold
