,model,mean_train_precision,mean_train_recall,mean_train_f1,mean_train_accuracy,mean_test_precision,mean_test_recall,mean_test_f1,mean_test_accuracy,normalizer,foldingStrat
0,LogisticRegression,0.0,0.0,0.0,0.799824803303506,0.0,0.0,0.0,0.799825710564621,Normal,StratifiedKFold
1,SGDClassifier,0.12819364254332574,0.2726153355538232,0.1201741010110176,0.6401642513450699,0.12256860098965364,0.27724637681159425,0.12701692754075752,0.6366697310962997,Normal,StratifiedKFold
2,RidgeClassifier,0.0,0.0,0.0,0.799824803303506,0.0,0.0,0.0,0.799825710564621,Normal,StratifiedKFold
3,RandomForestClassifier,1.0,1.0,1.0,1.0,0.14416666666666667,0.01318840579710145,0.023948601662887377,0.7866907990500269,Normal,StratifiedKFold
4,KNeighborsClassifier,0.6559254295091349,0.19207533130182125,0.2970467901125588,0.8181242937050014,0.2270748940601882,0.061111111111111116,0.0953092797601161,0.7713648203478127,Normal,StratifiedKFold
5,MLPClassifier,0.6597571429569065,0.07561949306687453,0.134838217695954,0.8067354897097113,0.2961111111111111,0.02400966183574879,0.04302437631497972,0.7880104190607522,Normal,StratifiedKFold
6,LinearSVC,0.05986993024035715,0.272992700729927,0.09791952717240064,0.6353478939675004,0.058659730722154226,0.2717391304347826,0.0962092952918641,0.6322818509154984,Normal,StratifiedKFold
