,model,train_accuracy,train_f1,train_precision,train_recall,test_accuracy,test_f1,test_precision,test_recall
0,LogisticRegression,0.9578493473723636,0.037925347935826206,0.2589285714285714,0.020561147813361,0.9580056854580399,0.0404040404040404,0.2,0.0225
1,SGDClassifier,0.9200741952732855,0.14464875906281954,0.2029457613805969,0.2510837432979251,0.9159332959641256,0.11243784433449136,0.12631832453261022,0.18833333333333332
2,RidgeClassifier,0.9593387478715986,0.0,0.0,0.0,0.9593429692504805,0.0,0.0,0.0
3,RandomForestClassifier,0.9959785964748005,0.9479697940627638,1.0,0.9011633035985245,0.9852578475336322,0.7809016130068762,0.8932900432900432,0.711969696969697
4,KNeighborsClassifier,0.9832686085737308,0.7867877997722752,0.8343021950533759,0.7541637723926321,0.9798906950672646,0.7133180698717784,0.7884493284493284,0.6862878787878788
5,MLPClassifier,0.9843610853060832,0.785610981943303,0.8898306828493885,0.7042782211289833,0.9807935618193465,0.7135251023486318,0.8278138528138529,0.666969696969697
