,model,mean_train_precision,mean_train_recall,mean_train_f1,mean_train_accuracy,mean_test_precision,mean_test_recall,mean_test_f1,mean_test_accuracy,normalizer,foldingStrat
0,LogisticRegression,0.0,0.0,0.0,0.948063523178026,0.0,0.0,0.0,0.9480631818224164,MinMaxScaler,KFold
1,SGDClassifier,0.0,0.0,0.0,0.948063523178026,0.0,0.0,0.0,0.9480631818224164,MinMaxScaler,KFold
2,RidgeClassifier,0.0,0.0,0.0,0.948063523178026,0.0,0.0,0.0,0.9480631818224164,MinMaxScaler,KFold
3,RandomForestClassifier,0.07067031671653577,0.6820467010279136,0.12806901328405965,0.5176495212653492,0.06971028308667954,0.6729914911818151,0.1262897331899637,0.5168031476012583,MinMaxScaler,KFold
4,KNeighborsClassifier,0.008051235132662397,0.010653753026634382,0.009171443460135487,0.9423855046021746,0.006716417910447761,0.008490566037735849,0.007499999999999998,0.941600786279241,MinMaxScaler,KFold
5,MLPClassifier,0.0,0.0,0.0,0.948063523178026,0.0,0.0,0.0,0.9480631818224164,MinMaxScaler,KFold
6,LinearSVC,0.0,0.0,0.0,0.948063523178026,0.0,0.0,0.0,0.9480631818224164,MinMaxScaler,KFold
