,model,mean_train_precision,mean_train_recall,mean_train_f1,mean_train_accuracy,mean_test_precision,mean_test_recall,mean_test_f1,mean_test_accuracy,normalizer,foldingStrat
0,LogisticRegression,0.0,0.0,0.0,0.8142566506004846,0.0,0.0,0.0,0.8142591670814667,Normalizer,StratifiedKFold
1,SGDClassifier,0.15809808730035008,0.2801786244139814,0.13962992629700893,0.6500076199996313,0.12211254318300388,0.2742995169082126,0.13778124743157188,0.6533980421436867,Normalizer,StratifiedKFold
2,RidgeClassifier,0.0,0.0,0.0,0.8142566506004846,0.0,0.0,0.0,0.8142591670814667,Normalizer,StratifiedKFold
3,RandomForestClassifier,0.9524554482450276,0.9805073882855618,0.9662677838529226,0.9872822410992464,0.26873015873015876,0.028599033816425118,0.051426125695033256,0.80448149991704,Normalizer,StratifiedKFold
4,KNeighborsClassifier,0.6590911952395659,0.17640674143967716,0.27806495975088086,0.8300519470942606,0.231482128982129,0.05492753623188405,0.08784433488932485,0.78818981251037,Normalizer,StratifiedKFold
5,MLPClassifier,0.7253649944826415,0.020954839475402057,0.04061166165132089,0.8165648754887963,0.15,0.006521739130434782,0.0125,0.8101808528289365,Normalizer,StratifiedKFold
6,LinearSVC,0.0,0.0,0.0,0.8142566506004846,0.0,0.0,0.0,0.8142591670814667,Normalizer,StratifiedKFold
