,model,mean_train_precision,mean_train_recall,mean_train_f1,mean_train_accuracy,mean_test_precision,mean_test_recall,mean_test_f1,mean_test_accuracy,normalizer,foldingStrat
0,LogisticRegression,0.0,0.0,0.0,0.8013766552363217,0.0,0.0,0.0,0.8013812421520333,Normalizer,StratifiedKFold
1,SGDClassifier,0.1219075369075369,0.10369933097205823,0.1000685537410706,0.7533605512828548,0.10334076325565689,0.09152439024390244,0.09117441044418732,0.7576209794262533,Normalizer,StratifiedKFold
2,RidgeClassifier,0.0,0.0,0.0,0.8013766552363217,0.0,0.0,0.0,0.8013812421520333,Normalizer,StratifiedKFold
3,RandomForestClassifier,1.0,0.9997252747252748,0.9998624484181569,0.9999453850354996,0.4833333333333333,0.014939024390243902,0.028814520703346568,0.8004056795131846,Normalizer,StratifiedKFold
4,KNeighborsClassifier,0.6595657666685364,0.2026889776889777,0.3097126229529746,0.8208234921942381,0.27222943722943727,0.07676829268292684,0.11811896700850495,0.7738578189896648,Normalizer,StratifiedKFold
5,MLPClassifier,0.6355436347278453,0.025849150849150848,0.04946371577571389,0.8030701071109878,0.35333333333333333,0.014756097560975609,0.02792677606631095,0.7984231623683957,Normalizer,StratifiedKFold
6,LinearSVC,0.0,0.0,0.0,0.8013766552363217,0.0,0.0,0.0,0.8013812421520333,Normalizer,StratifiedKFold
