,model,mean_train_precision,mean_train_recall,mean_train_f1,mean_train_accuracy,mean_test_precision,mean_test_recall,mean_test_f1,mean_test_accuracy,normalizer,foldingStrat
0,LogisticRegression,0.0,0.0,0.0,0.782546725529242,0.0,0.0,0.0,0.7825470420670424,Normalizer,StratifiedKFold
1,SGDClassifier,0.18584662839964075,0.2527618149181766,0.15440897202160103,0.660726248208236,0.1960864574756513,0.24442505024859842,0.1482445358496475,0.6567253104375212,Normalizer,StratifiedKFold
2,RidgeClassifier,0.0,0.0,0.0,0.782546725529242,0.0,0.0,0.0,0.7825470420670424,Normalizer,StratifiedKFold
3,RandomForestClassifier,0.8672309312454727,0.9793635601325942,0.9198874719656727,0.9629043232925186,0.3104490507483752,0.08594626044641913,0.13434590891345333,0.7597389115127685,Normalizer,StratifiedKFold
4,KNeighborsClassifier,0.5838701169089546,0.18831381103992245,0.2846074000881773,0.7942842739818883,0.21903415848941338,0.0706548185761134,0.10625213209769184,0.7416811270035508,Normalizer,StratifiedKFold
5,MLPClassifier,0.5785577632306842,0.0070406037498526005,0.013862139106586494,0.7831978365606606,0.475,0.005834126732254311,0.01147056558532743,0.7828639992778189,Normalizer,StratifiedKFold
6,LinearSVC,0.0,0.0,0.0,0.782546725529242,0.0,0.0,0.0,0.7825470420670424,Normalizer,StratifiedKFold
