,model,mean_train_precision,mean_train_recall,mean_train_f1,mean_train_accuracy,mean_test_precision,mean_test_recall,mean_test_f1,mean_test_accuracy,normalizer,foldingStrat
0,LogisticRegression,0.0,0.0,0.0,0.799824803303506,0.0,0.0,0.0,0.799825710564621,Normalizer,StratifiedKFold
1,SGDClassifier,0.16342554444300433,0.417026315167836,0.15884259370130738,0.5549075686394359,0.14526665166065178,0.4197101449275363,0.16269092043185812,0.5520512525856125,Normalizer,StratifiedKFold
2,RidgeClassifier,0.0,0.0,0.0,0.799824803303506,0.0,0.0,0.0,0.799825710564621,Normalizer,StratifiedKFold
3,RandomForestClassifier,1.0,0.9995133819951338,0.9997563946406821,0.99990265270779,0.27,0.019613526570048313,0.03557235621521336,0.7901804182946449,Normalizer,StratifiedKFold
4,KNeighborsClassifier,0.5546917472188345,0.15073701367727305,0.2368637451952768,0.8057626090685318,0.16725579975579974,0.043816425120772946,0.06846485972441912,0.7626043821343753,Normalizer,StratifiedKFold
5,MLPClassifier,0.02,0.1,0.03333333333333334,0.7397761178117825,0.02017543859649123,0.1,0.03357664233576642,0.7401765877576036,Normalizer,StratifiedKFold
6,LinearSVC,0.0,0.0,0.0,0.799824803303506,0.0,0.0,0.0,0.799825710564621,Normalizer,StratifiedKFold
