,model,mean_train_precision,mean_train_recall,mean_train_f1,mean_train_accuracy,mean_test_precision,mean_test_recall,mean_test_f1,mean_test_accuracy,normalizer,foldingStrat
0,LogisticRegression,0.0,0.0,0.0,0.9480635277785712,0.0,0.0,0.0,0.9480635544666063,StandardScaler,StratifiedKFold
1,SGDClassifier,0.039231129100786515,0.09895886966242914,0.049382289338199395,0.8714575930369215,0.13963515167266266,0.1115305422100206,0.05466261819591707,0.8703959033982045,StandardScaler,StratifiedKFold
2,RidgeClassifier,0.0,0.0,0.0,0.9480635277785712,0.0,0.0,0.0,0.9480635544666063,StandardScaler,StratifiedKFold
3,RandomForestClassifier,0.07074192497969813,0.6794223148935685,0.12814072880117772,0.5198167276973715,0.06987464903071783,0.6705902539464654,0.12655036808323358,0.5185279001810429,StandardScaler,StratifiedKFold
4,KNeighborsClassifier,0.0,0.0,0.0,0.9480635277785712,0.0,0.0,0.0,0.9480635544666063,StandardScaler,StratifiedKFold
5,MLPClassifier,0.0,0.0,0.0,0.9480635277785712,0.0,0.0,0.0,0.9480635544666063,StandardScaler,StratifiedKFold
6,LinearSVC,0.0,0.0,0.0,0.9480635277785712,0.0,0.0,0.0,0.9480635544666063,StandardScaler,StratifiedKFold
