,model,mean_train_precision,mean_train_recall,mean_train_f1,mean_train_accuracy,mean_test_precision,mean_test_recall,mean_test_f1,mean_test_accuracy,normalizer,foldingStrat
0,LogisticRegression,0.0,0.0,0.0,0.782546725529242,0.0,0.0,0.0,0.7825470420670424,StandardScaler,StratifiedKFold
1,SGDClassifier,0.1452756077059464,0.16482724735662907,0.1498221820995405,0.7052425417934752,0.13456230936001462,0.1582196128213266,0.14043920581544098,0.6990599109310117,StandardScaler,StratifiedKFold
2,RidgeClassifier,0.0,0.0,0.0,0.782546725529242,0.0,0.0,0.0,0.7825470420670424,StandardScaler,StratifiedKFold
3,RandomForestClassifier,0.24217080969693056,0.6656123973114265,0.35499552453621075,0.4742370908920638,0.23732404749710362,0.6546704749814873,0.3481070787003397,0.46752943890549464,StandardScaler,StratifiedKFold
4,KNeighborsClassifier,0.22558342419353403,0.14671697915438334,0.1674609986359565,0.7170814070110236,0.222828899342768,0.14348355019570508,0.16526529420197297,0.717470510943048,StandardScaler,StratifiedKFold
5,MLPClassifier,0.0738207406971565,0.044579288025889965,0.05312166295931207,0.7630851735320574,0.07960336538461539,0.04671532846715328,0.056886718321427845,0.7640050452366146,StandardScaler,StratifiedKFold
6,LinearSVC,0.0,0.0,0.0,0.782546725529242,0.0,0.0,0.0,0.7825470420670424,StandardScaler,StratifiedKFold
