,model,mean_train_precision,mean_train_recall,mean_train_f1,mean_train_accuracy,mean_test_precision,mean_test_recall,mean_test_f1,mean_test_accuracy,normalizer,foldingStrat
0,LogisticRegression,0.5216883116883115,0.012885613356702286,0.025073131641588736,0.7681881017210647,0.45,0.010314702365402547,0.019982989377401665,0.7676629064366292,RobustScaler,BalancedKFold
1,SGDClassifier,0.2534488881071427,0.278912483668352,0.25773840344911186,0.6389532165351082,0.25698319626114097,0.3008520456873129,0.270348603549795,0.6420132714001328,RobustScaler,BalancedKFold
2,RidgeClassifier,0.2833333333333333,0.001029920542459915,0.0020510918234357563,0.7681476159043612,0.0,0.0,0.0,0.7676629064366292,RobustScaler,BalancedKFold
3,RandomForestClassifier,0.9742915222914542,0.8900499929481093,0.9302340492435371,0.9690459328207203,0.40040831717302305,0.0721492880351691,0.1198440460204857,0.7589316522893166,RobustScaler,BalancedKFold
4,KNeighborsClassifier,0.9819453127935894,0.8825801137541174,0.929602927083652,0.9690054797462866,0.20185532840040513,0.07548277149160337,0.10841754447013822,0.7152196416721965,RobustScaler,BalancedKFold
5,MLPClassifier,0.7678188083100197,0.06620309742361626,0.12143794135813293,0.7785466754154011,0.45928571428571424,0.03671034461405221,0.06748912615587774,0.7654837425348375,RobustScaler,BalancedKFold
6,LinearSVC,0.24321647730988846,0.042899829458751676,0.06871833874626557,0.7469429852306169,0.16855424181082077,0.029658020339860924,0.048802689756648344,0.7432873258128733,RobustScaler,BalancedKFold
