,model,mean_train_precision,mean_train_recall,mean_train_f1,mean_train_accuracy,mean_test_precision,mean_test_recall,mean_test_f1,mean_test_accuracy,normalizer,foldingStrat
0,LogisticRegression,0.7333333333333333,0.005054364686239728,0.010028998053077935,0.7892637598794828,0.0,0.0,0.0,0.7873350545037292,RobustScaler,BalancedKFold
1,SGDClassifier,0.28087110651685193,0.26995535189191144,0.2723834100048078,0.6955180882888415,0.24013865361691447,0.20672886281245417,0.20654125631398493,0.6622203098106711,RobustScaler,BalancedKFold
2,RidgeClassifier,0.6,0.003759852746566497,0.007472852687622647,0.7892637598794827,0.0,0.0,0.0,0.7873350545037292,RobustScaler,BalancedKFold
3,RandomForestClassifier,1.0,1.0,1.0,1.0,0.16666666666666666,0.026411170528817585,0.045384615384615384,0.7753012048192771,RobustScaler,BalancedKFold
4,KNeighborsClassifier,1.0,1.0,1.0,1.0,0.1816017316017316,0.08051122681927636,0.10986349029786183,0.7380665519219736,RobustScaler,BalancedKFold
5,MLPClassifier,0.9006066631103484,0.20695244821979036,0.33606599940312065,0.8274581795334957,0.38269841269841265,0.0713547460451485,0.10759175607001692,0.7657200229489387,RobustScaler,BalancedKFold
6,LinearSVC,0.2276524644945698,0.034880789598219296,0.05756285073413917,0.7739067419661152,0.095,0.025907415597818072,0.03894783377541998,0.7645869191049914,RobustScaler,BalancedKFold
