,model,mean_train_precision,mean_train_recall,mean_train_f1,mean_train_accuracy,mean_test_precision,mean_test_recall,mean_test_f1,mean_test_accuracy,normalizer,foldingStrat
0,LogisticRegression,0.0,0.0,0.0,0.8029411416898004,0.0,0.0,0.0,0.8030219780219781,RobustScaler,BalancedKFold
1,SGDClassifier,0.3386899851880872,0.1607359247165745,0.17885771578748466,0.7422686568929173,0.2662049062049062,0.13938888888888887,0.16195645741808143,0.7384854276158623,RobustScaler,BalancedKFold
2,RidgeClassifier,0.0,0.0,0.0,0.8034274640579684,0.0,0.0,0.0,0.8030219780219781,RobustScaler,BalancedKFold
3,RandomForestClassifier,1.0,1.0,1.0,1.0,0.3666666666666667,0.027247863247863248,0.048763736263736264,0.7965002388915432,RobustScaler,BalancedKFold
4,KNeighborsClassifier,0.666591088303351,0.22451661229977066,0.3355619680685689,0.8261620739505636,0.3395238095238095,0.09825829562594271,0.1375030891147833,0.7801242236024845,RobustScaler,BalancedKFold
5,MLPClassifier,0.875968229397022,0.08632302957815681,0.15688031088801058,0.8186228946971644,0.5599999999999999,0.07295487682252388,0.12350111761876467,0.8095914954610606,RobustScaler,BalancedKFold
6,LinearSVC,0.0,0.0,0.0,0.8041570954285697,0.0,0.0,0.0,0.8041208791208792,RobustScaler,BalancedKFold
