,model,mean_train_precision,mean_train_recall,mean_train_f1,mean_train_accuracy,mean_test_precision,mean_test_recall,mean_test_f1,mean_test_accuracy,normalizer,foldingStrat
0,LogisticRegression,0.3,0.005222576086943417,0.010228344590304477,0.8154569811206676,0.0,0.0,0.0,0.8143827160493828,RobustScaler,BalancedKFold
1,SGDClassifier,0.2365835199121106,0.24969285858116425,0.2159903533672542,0.7146961016974771,0.26099775224775223,0.23824762226078017,0.20948400828811686,0.7138271604938271,RobustScaler,BalancedKFold
2,RidgeClassifier,0.0,0.0,0.0,0.8149069637377753,0.0,0.0,0.0,0.8143827160493828,RobustScaler,BalancedKFold
3,RandomForestClassifier,1.0,1.0,1.0,1.0,0.19166666666666665,0.04684523809523809,0.07491228070175437,0.809398148148148,RobustScaler,BalancedKFold
4,KNeighborsClassifier,0.6998885559744552,0.1892899324154286,0.29750317577725627,0.8353970479314359,0.3265151515151515,0.09509832272990167,0.1430019750544047,0.7983024691358025,RobustScaler,BalancedKFold
5,MLPClassifier,0.8920221183669458,0.1687281600347333,0.2829296806769991,0.8428208655168765,0.44000000000000006,0.06579887218045113,0.10999810990523065,0.8168518518518517,RobustScaler,BalancedKFold
6,LinearSVC,0.0,0.0,0.0,0.8155943437580302,0.0,0.0,0.0,0.8156172839506173,RobustScaler,BalancedKFold
