,model,mean_train_precision,mean_train_recall,mean_train_f1,mean_train_accuracy,mean_test_precision,mean_test_recall,mean_test_f1,mean_test_accuracy,normalizer,foldingStrat
0,LogisticRegression,0.0,0.0,0.0,0.970754587281942,0.0,0.0,0.0,0.9707546226886556,Normalizer,StratifiedKFold
1,SGDClassifier,0.025789412295236385,0.10837971169834137,0.013867519179960444,0.8714132434089515,0.04091938405797101,0.11190476190476191,0.019627513508725308,0.8720000000000001,Normalizer,StratifiedKFold
2,RidgeClassifier,0.0,0.0,0.0,0.970754587281942,0.0,0.0,0.0,0.9707546226886556,Normalizer,StratifiedKFold
3,RandomForestClassifier,1.0,0.9960712371686524,0.9980282131773425,0.9998850410275019,0.0,0.0,0.0,0.9706856571714143,Normalizer,StratifiedKFold
4,KNeighborsClassifier,0.9857142857142858,0.00865042393261052,0.017114867098916332,0.9709998332465579,0.0,0.0,0.0,0.9706856571714143,Normalizer,StratifiedKFold
5,MLPClassifier,0.0,0.0,0.0,0.970754587281942,0.0,0.0,0.0,0.9707546226886556,Normalizer,StratifiedKFold
6,LinearSVC,0.0,0.0,0.0,0.970754587281942,0.0,0.0,0.0,0.9707546226886556,Normalizer,StratifiedKFold
