,model,mean_train_precision,mean_train_recall,mean_train_f1,mean_train_accuracy,mean_test_precision,mean_test_recall,mean_test_f1,mean_test_accuracy,normalizer,foldingStrat
0,LogisticRegression,0.0,0.0,0.0,0.9766326819074307,0.0,0.0,0.0,0.9766327401508319,Normalizer,StratifiedKFold
1,SGDClassifier,0.014439076757917339,0.0028823294993884927,0.004801535877129829,0.9758488735952868,0.030952380952380953,0.004706533776301218,0.008163265306122448,0.9761367205177971,Normalizer,StratifiedKFold
2,RidgeClassifier,0.0,0.0,0.0,0.9766326819074307,0.0,0.0,0.0,0.9766327401508319,Normalizer,StratifiedKFold
3,RandomForestClassifier,1.0,0.9931889076692638,0.9965806732132538,0.9998407902079915,0.0,0.0,0.0,0.9763571365656161,Normalizer,StratifiedKFold
4,KNeighborsClassifier,1.0,0.006290280468868094,0.012495962751347869,0.9767796469268284,0.0,0.0,0.0,0.976577613359211,Normalizer,StratifiedKFold
5,MLPClassifier,0.0,0.0,0.0,0.9766326819074307,0.0,0.0,0.0,0.9766327401508319,Normalizer,StratifiedKFold
6,LinearSVC,0.0,0.0,0.0,0.9766326819074307,0.0,0.0,0.0,0.9766327401508319,Normalizer,StratifiedKFold
