,model,mean_train_precision,mean_train_recall,mean_train_f1,mean_train_accuracy,mean_test_precision,mean_test_recall,mean_test_f1,mean_test_accuracy,normalizer,foldingStrat
0,LogisticRegression,0.0,0.0,0.0,0.799824803303506,0.0,0.0,0.0,0.799825710564621,Normalizer,StratifiedKFold
1,SGDClassifier,0.10737069935689789,0.3236015637918409,0.13044753715254126,0.6102832287365227,0.1174745087533667,0.33695652173913043,0.1411692630521804,0.6082030950739294,Normalizer,StratifiedKFold
2,RidgeClassifier,0.0,0.0,0.0,0.799824803303506,0.0,0.0,0.0,0.799825710564621,Normalizer,StratifiedKFold
3,RandomForestClassifier,1.0,0.999271254104363,0.9996351839546058,0.9998539909073033,0.10580086580086578,0.015265700483091787,0.026405005085068173,0.7783632115222554,Normalizer,StratifiedKFold
4,KNeighborsClassifier,1.0,1.0,1.0,1.0,0.1626068376068376,0.056859903381642506,0.08391093121793672,0.7525185781046504,Normalizer,StratifiedKFold
5,MLPClassifier,0.03764705882352941,0.10072815533980584,0.03473193473193474,0.7392895234981532,0.02017543859649123,0.1,0.03357664233576642,0.7388607982839194,Normalizer,StratifiedKFold
6,LinearSVC,0.0,0.0,0.0,0.799824803303506,0.0,0.0,0.0,0.799825710564621,Normalizer,StratifiedKFold
