,model,mean_train_precision,mean_train_recall,mean_train_f1,mean_train_accuracy,mean_test_precision,mean_test_recall,mean_test_f1,mean_test_accuracy,normalizer,foldingStrat
0,LogisticRegression,0.0,0.0,0.0,0.954032154635098,0.0,0.0,0.0,0.9540324517532707,MinMaxScaler,StratifiedKFold
1,SGDClassifier,0.004772405103165853,0.09711538461538462,0.009097733073112145,0.8692646269598214,0.004913294797687861,0.1,0.009366391184573004,0.8710537283490153,MinMaxScaler,StratifiedKFold
2,RidgeClassifier,0.0,0.0,0.0,0.954032154635098,0.0,0.0,0.0,0.9540324517532707,MinMaxScaler,StratifiedKFold
3,RandomForestClassifier,1.0,0.9980728007255338,0.9990327733302371,0.9999114303986264,0.0,0.0,0.0,0.9535012432539347,MinMaxScaler,StratifiedKFold
4,KNeighborsClassifier,1.0,1.0,1.0,1.0,0.02,0.002857142857142857,0.004999999999999999,0.951773579441101,MinMaxScaler,StratifiedKFold
5,MLPClassifier,0.0,0.0,0.0,0.954032154635098,0.0,0.0,0.0,0.9540324517532707,MinMaxScaler,StratifiedKFold
6,LinearSVC,0.0,0.0,0.0,0.954032154635098,0.0,0.0,0.0,0.9540324517532707,MinMaxScaler,StratifiedKFold
