,model,mean_train_precision,mean_train_recall,mean_train_f1,mean_train_accuracy,mean_test_precision,mean_test_recall,mean_test_f1,mean_test_accuracy,normalizer,foldingStrat
0,LogisticRegression,0.0,0.0,0.0,0.9539832436720967,0.0,0.0,0.0,0.9539833413604557,MinMaxScaler,StratifiedKFold
1,SGDClassifier,0.04162992549350949,0.021475389562206283,0.01875370912616768,0.9462694951616472,0.009639830508474575,0.008823529411764706,0.008301075268817204,0.9445393730345355,MinMaxScaler,StratifiedKFold
2,RidgeClassifier,0.0,0.0,0.0,0.9539832436720967,0.0,0.0,0.0,0.9539833413604557,MinMaxScaler,StratifiedKFold
3,RandomForestClassifier,1.0,0.9980738313133812,0.9990348478280465,0.9999113366004749,0.0,0.0,0.0,0.9538503626370514,MinMaxScaler,StratifiedKFold
4,KNeighborsClassifier,0.6913095238095239,0.01927096215681424,0.037402663326829864,0.9545004530224379,0.1,0.002857142857142857,0.005555555555555556,0.9530523132277532,MinMaxScaler,StratifiedKFold
5,MLPClassifier,0.0,0.0,0.0,0.9539832436720967,0.0,0.0,0.0,0.9539833413604557,MinMaxScaler,StratifiedKFold
6,LinearSVC,0.0,0.0,0.0,0.9539832436720967,0.0,0.0,0.0,0.9539833413604557,MinMaxScaler,StratifiedKFold
