,model,mean_train_accuracy,mean_train_f1,mean_train_precision,mean_train_recall,mean_test_accuracy,mean_test_f1,mean_test_precision,mean_test_recall,normalizer,foldingStrat
0,LogisticRegression,,,,,,,,,StandardScaler,BalancedKFold
1,SGDClassifier,0.8933232966335773,0.025043188735369856,0.023022150118456968,0.04023846523846524,0.891417495639507,0.015592951937212857,0.013618743829270146,0.027116402116402122,StandardScaler,BalancedKFold
2,RandomForestClassifier,0.5906657626174215,0.2060115757457759,0.12328558994060781,0.6265155426173765,0.590170202978552,0.20371974132639684,0.12288127760106135,0.6139652014652015,StandardScaler,BalancedKFold
3,KNeighborsClassifier,0.9152359305559404,0.0,0.0,0.0,0.9152262664596631,0.0,0.0,0.0,StandardScaler,BalancedKFold
4,MLPClassifier,0.8695646980773238,0.024631329694045575,0.018775700992439925,0.06017585793543659,0.8682338885374938,0.021558110570132953,0.018893422613131025,0.05271299687966355,StandardScaler,BalancedKFold
5,LinearSVC,,,,,,,,,StandardScaler,BalancedKFold
6,OneClassSVM,,,,,,,,,StandardScaler,BalancedKFold
