,model,mean_train_precision,mean_train_recall,mean_train_f1,mean_train_accuracy,mean_test_precision,mean_test_recall,mean_test_f1,mean_test_accuracy,normalizer,foldingStrat
0,LogisticRegression,0.0,0.0,0.0,0.7680262239387903,0.0,0.0,0.0,0.7680265428002655,StandardScaler,BalancedKFold
1,SGDClassifier,0.20272890652955175,0.2814244422958719,0.22815521395415156,0.6360292827216423,0.2285692997828753,0.3140015585158346,0.2584841835807185,0.6580995355009953,StandardScaler,BalancedKFold
2,RidgeClassifier,0.0,0.0,0.0,0.7680262239387903,0.0,0.0,0.0,0.7680265428002655,StandardScaler,BalancedKFold
3,RandomForestClassifier,0.26878509770589326,0.6501734725713313,0.3801423623681218,0.5082149045431865,0.26336846910985423,0.6374185362347563,0.37125453800968206,0.5039946914399469,StandardScaler,BalancedKFold
4,KNeighborsClassifier,0.2613252187878631,0.10790363762686639,0.15135678514902523,0.7338745630544083,0.2681949036780794,0.11501253277919163,0.1586056445079206,0.7352674187126742,StandardScaler,BalancedKFold
5,MLPClassifier,0.19286793805592758,0.26917731373698506,0.20556059928748033,0.6213927350141906,0.19243979257416832,0.2558590080310868,0.20126596782918887,0.6303676177836762,StandardScaler,BalancedKFold
6,LinearSVC,0.0,0.0,0.0,0.7680262239387903,0.0,0.0,0.0,0.7680265428002655,StandardScaler,BalancedKFold
