,model,mean_train_precision,mean_train_recall,mean_train_f1,mean_train_accuracy,mean_test_precision,mean_test_recall,mean_test_f1,mean_test_accuracy,normalizer,foldingStrat
0,LogisticRegression,0.0,0.0,0.0,0.9152359305559404,0.0,0.0,0.0,0.9152262664596631,StandardScaler,BalancedKFold
1,SGDClassifier,0.05515799782534221,0.09751812351851138,0.0643230325664437,0.8637251661865681,0.046908369408369406,0.10347222222222223,0.062007975763684886,0.8579236386636765,StandardScaler,BalancedKFold
2,RidgeClassifier,0.0,0.0,0.0,0.9152359305559404,0.0,0.0,0.0,0.9152262664596631,StandardScaler,BalancedKFold
3,RandomForestClassifier,0.12373426944453073,0.6202246785295229,0.20629236722365377,0.5954941460679188,0.1232014291710722,0.6097985347985349,0.20393904902691493,0.594468403197056,StandardScaler,BalancedKFold
4,KNeighborsClassifier,0.0,0.0,0.0,0.9152359305559404,0.0,0.0,0.0,0.9152262664596631,StandardScaler,BalancedKFold
5,MLPClassifier,0.05376356588110427,0.16814794001201033,0.0666317313228841,0.7618118085036066,0.04596431975596516,0.14714285714285716,0.057874496964633516,0.7654591455350468,StandardScaler,BalancedKFold
6,LinearSVC,0.0,0.0,0.0,0.9152359305559404,0.0,0.0,0.0,0.9152262664596631,StandardScaler,BalancedKFold
