,model,mean_train_accuracy,mean_train_f1,mean_train_precision,mean_train_recall,mean_test_accuracy,mean_test_f1,mean_test_precision,mean_test_recall,normalizer,foldingStrat
0,LogisticRegression,,,,,,,,,StandardScaler,BalancedKFold
1,SGDClassifier,0.8933232966335773,0.025043188735369856,0.023022150118456968,0.04023846523846524,0.891417495639507,0.015592951937212857,0.013618743829270146,0.027116402116402122,StandardScaler,BalancedKFold
2,RandomForestClassifier,0.5906657626174215,0.2060115757457759,0.12328558994060781,0.6265155426173765,0.590170202978552,0.20371974132639684,0.12288127760106135,0.6139652014652015,StandardScaler,BalancedKFold
3,KNeighborsClassifier,0.9152359305559404,0.0,0.0,0.0,0.9152262664596631,0.0,0.0,0.0,StandardScaler,BalancedKFold
4,MLPClassifier,0.8692037259337755,0.026622938208094547,0.021924266115940956,0.06358701052106173,0.8696940946466563,0.023770658562603672,0.021860628864436984,0.05717406050739385,StandardScaler,BalancedKFold
5,LinearSVC,,,,,,,,,StandardScaler,BalancedKFold
6,OneClassSVM,,,,,,,,,StandardScaler,BalancedKFold
