,model,mean_train_precision,mean_train_recall,mean_train_f1,mean_train_accuracy,mean_test_precision,mean_test_recall,mean_test_f1,mean_test_accuracy,normalizer,foldingStrat
0,LogisticRegression,0.0,0.0,0.0,0.9270384995625454,0.0,0.0,0.0,0.9270283479960899,StandardScaler,BalancedKFold
1,SGDClassifier,0.01818181818181818,0.0112,0.013861386138613863,0.9234610729330358,0.05,0.00625,0.01111111111111111,0.922215513771491,StandardScaler,BalancedKFold
2,RidgeClassifier,0.0,0.0,0.0,0.9270384995625454,0.0,0.0,0.0,0.9270283479960899,StandardScaler,BalancedKFold
3,RandomForestClassifier,0.11135275362218397,0.632921267304521,0.1893505021612631,0.6046124635128709,0.10840497545269363,0.6003907663543886,0.1818708719363147,0.6024869185210742,StandardScaler,BalancedKFold
4,KNeighborsClassifier,0.0,0.0,0.0,0.9270384995625454,0.0,0.0,0.0,0.9270283479960899,StandardScaler,BalancedKFold
5,MLPClassifier,0.06158691986525776,0.31916017036216104,0.09410919144732076,0.655655247359103,0.05380415083482078,0.3036125853850312,0.08707905660204156,0.6403398309470416,StandardScaler,BalancedKFold
6,LinearSVC,0.0,0.0,0.0,0.9270384995625454,0.0,0.0,0.0,0.9270283479960899,StandardScaler,BalancedKFold
