,name,xShape,yShape,time,truePercent
0,handpicked,"(23302, 43)","(23302,)",0 days 01:09:49.087405,0.10290962149171745
1,correlation,"(23302, 770)","(23302,)",0 days 04:20:30.781870,0.10290962149171745
