,name,xShape,yShape,time,truePercent
0,handpicked,"(23302, 43)","(23302,)",0 days 00:00:17.555153,0.10290962149171745
1,correlation,"(23302, 770)","(23302,)",0 days 00:01:13.094312,0.10290962149171745
