,model,folding,mean_test_precision,mean_test_recall,mean_test_f1,mean_test_accuracy,mean_train_precision,mean_train_recall,mean_train_f1,mean_train_accuracy,precision,recall,f1,accuracy,scaler
0,LogisticRegression,StratifiedKFold,0.3477823509347245,0.5678421052631579,0.4309739032908687,0.5423328355732537,0.38014020462007164,0.617757378969173,0.4706340174935863,0.5748126719557047,0.3523489932885906,0.5585106382978723,0.43209876543209874,0.551219512195122,StandardScaler
1,RandomForestClassifier,StratifiedKFold,0.3578797164084903,0.15556140350877196,0.21579160201723796,0.6562319561971129,1.0,0.9952719533619433,0.9976295190773159,0.9985534883872956,0.4090909090909091,0.19148936170212766,0.2608695652173913,0.6682926829268293,StandardScaler
2,MLPClassifier,StratifiedKFold,0.43764981750275866,0.12073684210526314,0.17426913073629885,0.6712858802057408,0.7373157349371477,0.23274671584522738,0.334744437034473,0.7355587850519983,0.4025157232704403,0.3404255319148936,0.3688760806916427,0.6439024390243903,StandardScaler
3,KNeighborsClassifier,StratifiedKFold,0.3645220393717189,0.21803508771929825,0.27179424064309426,0.6436336485813838,0.9989658080812495,0.9985226766189156,0.9987437507505211,0.9992315464512262,0.39814814814814814,0.22872340425531915,0.29054054054054057,0.6585365853658537,StandardScaler
