,model,mean_train_accuracy,mean_train_f1,mean_train_precision,mean_train_recall,mean_test_accuracy,mean_test_f1,mean_test_precision,mean_test_recall,normalizer,foldingStrat
0,LogisticRegression,,,,,,,,,MinMaxScaler,BalancedKFold
1,SGDClassifier,0.8755083792250958,0.04477309726802942,0.14555736879701386,0.10036134024166234,0.8741545893719808,0.03824700970900451,0.07773109243697479,0.08007936507936507,MinMaxScaler,BalancedKFold
2,RandomForestClassifier,1.0,1.0,1.0,1.0,0.9203933747412009,0.0,0.0,0.0,MinMaxScaler,BalancedKFold
3,KNeighborsClassifier,0.9621860048618602,0.5590960509451048,0.9173809523809524,0.532403319521923,0.917505175983437,0.0,0.0,0.0,MinMaxScaler,BalancedKFold
4,MLPClassifier,0.8739267119591554,0.07210355656037755,0.18311411619075388,0.096491590187218,0.8697814584771106,0.03635973159282927,0.044954269473145694,0.09232804232804231,MinMaxScaler,BalancedKFold
5,LinearSVC,,,,,,,,,MinMaxScaler,BalancedKFold
6,OneClassSVM,,,,,,,,,MinMaxScaler,BalancedKFold
