,model,mean_train_precision,mean_train_recall,mean_train_f1,mean_train_accuracy,mean_test_precision,mean_test_recall,mean_test_f1,mean_test_accuracy,normalizer,foldingStrat
0,LogisticRegression,0.0,0.0,0.0,0.9205186500338061,0.0,0.0,0.0,0.9203933747412009,MinMaxScaler,BalancedKFold
1,SGDClassifier,0.24885281385281388,0.08525041718815185,0.06324155327066862,0.893873385186294,0.20476190476190476,0.05928571428571429,0.06633333333333333,0.8957556935817804,MinMaxScaler,BalancedKFold
2,RidgeClassifier,0.0,0.0,0.0,0.9205186500338061,0.0,0.0,0.0,0.9203933747412009,MinMaxScaler,BalancedKFold
3,RandomForestClassifier,1.0,1.0,1.0,1.0,0.2,0.02857142857142857,0.05,0.9218426501035196,MinMaxScaler,BalancedKFold
4,KNeighborsClassifier,0.8347619047619048,0.06480663904384593,0.11819210189020964,0.9243720097237205,0.0,0.0,0.0,0.9174948240165632,MinMaxScaler,BalancedKFold
5,MLPClassifier,0.7781479957950546,0.13922522211181973,0.2274416079213375,0.9283871733598963,0.1,0.014285714285714285,0.025,0.9060248447204969,MinMaxScaler,BalancedKFold
6,LinearSVC,0.0,0.0,0.0,0.9205186500338061,0.0,0.0,0.0,0.9203933747412009,MinMaxScaler,BalancedKFold
