,model,mean_train_accuracy,mean_train_f1,mean_train_precision,mean_train_recall,mean_test_accuracy,mean_test_f1,mean_test_precision,mean_test_recall,normalizer,foldingStrat
0,LogisticRegression,,,,,,,,,StandardScaler,StratifiedKFold
1,SGDClassifier,0.9325342451475888,0.02283294087468492,0.02635502112653775,0.03008148514579383,0.9327322506663652,0.018992913224367747,0.017518462837860124,0.026050420168067228,StandardScaler,StratifiedKFold
2,RandomForestClassifier,0.9998745289401523,0.9986301955900132,1.0,0.9972710033803283,0.9540324517532707,0.0,0.0,0.0,StandardScaler,StratifiedKFold
3,KNeighborsClassifier,0.9773334509961574,0.5187923392382252,0.8898412698412699,0.5096349657844834,0.9520397134864796,0.0,0.0,0.0,StandardScaler,StratifiedKFold
4,MLPClassifier,0.9533219914602452,0.1041790011622326,0.3218360680357898,0.0726748793067121,0.9460165445389443,0.014609528262912393,0.021464118543205787,0.012838468720821663,StandardScaler,StratifiedKFold
5,LinearSVC,,,,,,,,,StandardScaler,StratifiedKFold
6,OneClassSVM,,,,,,,,,StandardScaler,StratifiedKFold
