,model,mean_train_precision,mean_train_recall,mean_train_f1,mean_train_accuracy,mean_test_precision,mean_test_recall,mean_test_f1,mean_test_accuracy,normalizer,foldingStrat
0,LogisticRegression,0.0,0.0,0.0,0.954032154635098,0.0,0.0,0.0,0.9540324517532707,StandardScaler,StratifiedKFold
1,SGDClassifier,0.05728920202799903,0.09925900733778548,0.06095061823899746,0.8882243786476837,0.032524567348160525,0.08672268907563026,0.045894870587849836,0.8853515017942415,StandardScaler,StratifiedKFold
2,RidgeClassifier,0.0,0.0,0.0,0.954032154635098,0.0,0.0,0.0,0.9540324517532707,StandardScaler,StratifiedKFold
3,RandomForestClassifier,1.0,0.9980728007255338,0.9990327733302371,0.9999114303986264,0.0,0.0,0.0,0.9535012432539347,StandardScaler,StratifiedKFold
4,KNeighborsClassifier,0.5740151515151515,0.01797963558413719,0.034802152689282106,0.9542388184909308,0.05,0.002857142857142857,0.005405405405405405,0.9529696815574582,StandardScaler,StratifiedKFold
5,MLPClassifier,0.8710418925794314,0.23570059361860007,0.3706224132715479,0.9632581816517899,0.1164598146951088,0.03159663865546218,0.047736559435558185,0.9411455242858354,StandardScaler,StratifiedKFold
6,LinearSVC,0.0,0.0,0.0,0.954032154635098,0.0,0.0,0.0,0.9540324517532707,StandardScaler,StratifiedKFold
