,model,mean_train_precision,mean_train_recall,mean_train_f1,mean_train_accuracy,mean_test_precision,mean_test_recall,mean_test_f1,mean_test_accuracy,normalizer,foldingStrat
0,LogisticRegression,0.0,0.0,0.0,0.9205186500338061,0.0,0.0,0.0,0.9203933747412009,RobustScaler,BalancedKFold
1,SGDClassifier,0.1594747474747475,0.04066904945284169,0.05265118116029536,0.9071952434284889,0.125,0.04583333333333333,0.06666666666666667,0.9029813664596272,RobustScaler,BalancedKFold
2,RidgeClassifier,0.0,0.0,0.0,0.9205186500338061,0.0,0.0,0.0,0.9203933747412009,RobustScaler,BalancedKFold
3,RandomForestClassifier,1.0,1.0,1.0,1.0,0.2,0.02857142857142857,0.05,0.9218426501035196,RobustScaler,BalancedKFold
4,KNeighborsClassifier,1.0,0.03657009048562759,0.0701287573245715,0.9234084117407214,0.1,0.014285714285714285,0.025,0.9204140786749482,RobustScaler,BalancedKFold
5,MLPClassifier,0.9416666666666667,0.06024014854683497,0.11275870130198655,0.9250148384799204,0.15,0.06428571428571428,0.075,0.9203933747412009,RobustScaler,BalancedKFold
6,LinearSVC,0.0,0.0,0.0,0.9205186500338061,0.0,0.0,0.0,0.9203933747412009,RobustScaler,BalancedKFold
