,model,mean_train_precision,mean_train_recall,mean_train_f1,mean_train_accuracy,mean_test_precision,mean_test_recall,mean_test_f1,mean_test_accuracy,normalizer,foldingStrat
0,LogisticRegression,0.0,0.0,0.0,0.9481300090259381,0.0,0.0,0.0,0.9481300187270791,RobustScaler,StratifiedKFold
1,SGDClassifier,0.06051574128707908,0.06639908289502504,0.03253395328751796,0.9027653856562331,0.03832817250226157,0.06445893388240678,0.030499685566383338,0.9053321051046475,RobustScaler,StratifiedKFold
2,RidgeClassifier,0.0,0.0,0.0,0.9481300090259381,0.0,0.0,0.0,0.9481300187270791,RobustScaler,StratifiedKFold
3,RandomForestClassifier,0.0706754408976163,0.6807349640582464,0.12805480983052508,0.5191328040520682,0.06968581854348702,0.6716312056737589,0.12626544668041054,0.5176985770642235,RobustScaler,StratifiedKFold
4,KNeighborsClassifier,0.0,0.0,0.0,0.9481300090259381,0.0,0.0,0.0,0.9481300187270791,RobustScaler,StratifiedKFold
5,MLPClassifier,0.023179690679690678,0.000834468810181458,0.0015915248725652206,0.9462439479937954,0.026785714285714284,0.002150537634408602,0.003980198019801981,0.9461819563167021,RobustScaler,StratifiedKFold
6,LinearSVC,0.0,0.0,0.0,0.9481300090259381,0.0,0.0,0.0,0.9481300187270791,RobustScaler,StratifiedKFold
