,model,mean_train_precision,mean_train_recall,mean_train_f1,mean_train_accuracy,mean_test_precision,mean_test_recall,mean_test_f1,mean_test_accuracy,normalizer,foldingStrat
0,LogisticRegression,0.0,0.0,0.0,0.9480635277785712,0.0,0.0,0.0,0.9480635544666063,RobustScaler,StratifiedKFold
1,SGDClassifier,0.0758100539929107,0.06461365815082735,0.03684258871192776,0.9148630883498287,0.02078203639179249,0.05582246625486159,0.02938315038934234,0.9125679221670502,RobustScaler,StratifiedKFold
2,RidgeClassifier,0.0,0.0,0.0,0.9480635277785712,0.0,0.0,0.0,0.9480635544666063,RobustScaler,StratifiedKFold
3,RandomForestClassifier,0.07074192497969813,0.6794223148935685,0.12814072880117772,0.5198167276973715,0.06987464903071783,0.6705902539464654,0.12655036808323358,0.5185279001810429,RobustScaler,StratifiedKFold
4,KNeighborsClassifier,0.0,0.0,0.0,0.9480635277785712,0.0,0.0,0.0,0.9480635544666063,RobustScaler,StratifiedKFold
5,MLPClassifier,0.0,0.0,0.0,0.9480635277785712,0.0,0.0,0.0,0.9480635544666063,RobustScaler,StratifiedKFold
6,LinearSVC,0.0,0.0,0.0,0.9480635277785712,0.0,0.0,0.0,0.9480635544666063,RobustScaler,StratifiedKFold
