,model,folding,mean_test_precision,mean_test_recall,mean_test_f1,mean_test_accuracy,mean_train_precision,mean_train_recall,mean_train_f1,mean_train_accuracy,precision,recall,f1,accuracy,scaler
0,LogisticRegression,StratifiedKFold,0.3236936781384044,0.7839986910994765,0.43997202313789535,0.7890743191153966,0.32030887979708433,0.7859098994163316,0.4365291702126175,0.7882854707842666,0.2917910447761194,0.8145833333333333,0.4296703296703296,0.7773010083673032,StandardScaler
1,RandomForestClassifier,StratifiedKFold,0.5862341651938426,0.2674929101221641,0.36656512501796096,0.9050479524560172,1.0,0.9991889431099417,0.9995942868609793,0.9999165517123565,0.5934579439252337,0.26458333333333334,0.3659942363112392,0.9055996567260245,StandardScaler
2,MLPClassifier,StratifiedKFold,0.548279698994612,0.32014070680628265,0.4016611339631246,0.9019899262446927,0.7228444881112204,0.4419549503791262,0.5464102493121488,0.9248430859811055,0.5601659751037344,0.28125,0.37447988904299584,0.9032396481441751,StandardScaler
3,KNeighborsClassifier,StratifiedKFold,0.45828244007079066,0.17781958987783594,0.25586476912107664,0.8936220356925059,1.0,0.9994786302478327,0.9997392395946966,0.9999463547737439,0.42783505154639173,0.17291666666666666,0.24629080118694363,0.8910105127655009,StandardScaler
