,model,folding,mean_test_precision,mean_test_recall,mean_test_f1,mean_test_accuracy,mean_train_precision,mean_train_recall,mean_train_f1,mean_train_accuracy,precision,recall,f1,accuracy,scaler
0,LogisticRegression,StratifiedKFold,0.30220682964914214,0.8154559336823736,0.4406103293852143,0.7865460136464578,0.30525935354914957,0.8242373361263177,0.4452775550377176,0.7884531433384527,0.2903703703703704,0.8166666666666667,0.4284153005464481,0.7755846384895945,StandardScaler
1,RandomForestClassifier,StratifiedKFold,0.5469470694403549,0.3790439572425829,0.447452554478968,0.9036531314363302,0.9277305018547057,0.9837796673512699,0.954931167972485,0.990445196291253,0.5617647058823529,0.39791666666666664,0.4658536585365853,0.9060287491954516,StandardScaler
2,MLPClassifier,StratifiedKFold,0.548279698994612,0.32014070680628265,0.4016611339631246,0.9019899262446927,0.7228444881112204,0.4419549503791262,0.5464102493121488,0.9248430859811055,0.5601659751037344,0.28125,0.37447988904299584,0.9032396481441751,StandardScaler
3,KNeighborsClassifier,StratifiedKFold,0.45828244007079066,0.17781958987783594,0.25586476912107664,0.8936220356925059,1.0,0.9994786302478327,0.9997392395946966,0.9999463547737439,0.42783505154639173,0.17291666666666666,0.24629080118694363,0.8910105127655009,StandardScaler
