,model,mean_train_precision,mean_train_recall,mean_train_f1,mean_train_accuracy,mean_test_precision,mean_test_recall,mean_test_f1,mean_test_accuracy,normalizer,foldingStrat
0,LogisticRegression,0.0,0.0,0.0,0.799824803303506,0.0,0.0,0.0,0.799825710564621,MinMaxScaler,StratifiedKFold
1,SGDClassifier,0.1593055390631803,0.6196643280655753,0.22319865602795935,0.4299166068462936,0.1733714611910541,0.619951690821256,0.22341443158049606,0.4294759825327511,MinMaxScaler,StratifiedKFold
2,RidgeClassifier,0.0,0.0,0.0,0.799824803303506,0.0,0.0,0.0,0.799825710564621,MinMaxScaler,StratifiedKFold
3,RandomForestClassifier,1.0,1.0,1.0,1.0,0.16261904761904764,0.019661835748792274,0.03479522407253499,0.784928752011032,MinMaxScaler,StratifiedKFold
4,KNeighborsClassifier,0.6482449944870349,0.20860498901566155,0.315526676123175,0.8189030009689715,0.2187826466619036,0.06555555555555556,0.10018697621961334,0.7678541331494675,MinMaxScaler,StratifiedKFold
5,MLPClassifier,0.8216666666666667,0.007780573075378547,0.01540213193703725,0.8009441905533562,0.15,0.004396135265700483,0.008514492753623188,0.7993890293419137,MinMaxScaler,StratifiedKFold
6,LinearSVC,0.0,0.0,0.0,0.799824803303506,0.0,0.0,0.0,0.799825710564621,MinMaxScaler,StratifiedKFold
