,model,mean_train_precision,mean_train_recall,mean_train_f1,mean_train_accuracy,mean_test_precision,mean_test_recall,mean_test_f1,mean_test_accuracy,normalizer,foldingStrat
0,LogisticRegression,0.0,0.0,0.0,0.970754587281942,0.0,0.0,0.0,0.9707546226886556,MinMaxScaler,StratifiedKFold
1,SGDClassifier,0.04060449255898376,0.06649970455263772,0.01801658270440964,0.9197353344717423,0.12084636580280013,0.06899224806201551,0.01854457727049409,0.9206160253206731,MinMaxScaler,StratifiedKFold
2,RidgeClassifier,0.0,0.0,0.0,0.970754587281942,0.0,0.0,0.0,0.9707546226886556,MinMaxScaler,StratifiedKFold
3,RandomForestClassifier,1.0,0.9958094570639403,0.9978968089550813,0.9998773764303666,0.0,0.0,0.0,0.9706856571714143,MinMaxScaler,StratifiedKFold
4,KNeighborsClassifier,0.508015873015873,0.008906707342210496,0.017494175027237806,0.9707775781367209,0.0,0.0,0.0,0.9700649199209919,MinMaxScaler,StratifiedKFold
5,MLPClassifier,0.0,0.0,0.0,0.970754587281942,0.0,0.0,0.0,0.9707546226886556,MinMaxScaler,StratifiedKFold
6,LinearSVC,0.0,0.0,0.0,0.970754587281942,0.0,0.0,0.0,0.9707546226886556,MinMaxScaler,StratifiedKFold
