,model,mean_train_precision,mean_train_recall,mean_train_f1,mean_train_accuracy,mean_test_precision,mean_test_recall,mean_test_f1,mean_test_accuracy,normalizer,foldingStrat
0,LogisticRegression,0.0,0.0,0.0,0.9766326819074307,0.0,0.0,0.0,0.9766327401508319,MinMaxScaler,StratifiedKFold
1,SGDClassifier,0.0652236573276245,0.008126863723186434,0.012989023697802176,0.9745873890353807,0.04097222222222222,0.01168327796234773,0.017937213999028555,0.9749244474412361,MinMaxScaler,StratifiedKFold
2,RidgeClassifier,0.0,0.0,0.0,0.9766326819074307,0.0,0.0,0.0,0.9766327401508319,MinMaxScaler,StratifiedKFold
3,RandomForestClassifier,1.0,0.9942360280881122,0.9971080250592154,0.999865283877926,0.0,0.0,0.0,0.9764122937301248,MinMaxScaler,StratifiedKFold
4,KNeighborsClassifier,0.5287121212121212,0.009437138420524658,0.018489875416002995,0.9766449300548066,0.0,0.0,0.0,0.976357166938504,MinMaxScaler,StratifiedKFold
5,MLPClassifier,0.0,0.0,0.0,0.9766326819074307,0.0,0.0,0.0,0.9766327401508319,MinMaxScaler,StratifiedKFold
6,LinearSVC,0.0,0.0,0.0,0.9766326819074307,0.0,0.0,0.0,0.9766327401508319,MinMaxScaler,StratifiedKFold
