,model,folding,mean_test_precision,mean_test_recall,mean_test_f1,mean_test_accuracy,mean_train_precision,mean_train_recall,mean_train_f1,mean_train_accuracy,precision,recall,f1,accuracy,scaler
0,LogisticRegression,StratifiedKFold,0.3903348805492343,0.5906140350877193,0.46914136791350014,0.5911763729882197,0.4098934518385279,0.6198286033929711,0.49344066557600924,0.6106591291472632,0.39636363636363636,0.5797872340425532,0.4708423326133909,0.6016260162601627,StandardScaler
1,RandomForestClassifier,StratifiedKFold,0.369832578768749,0.1794736842105263,0.24038475629269077,0.6562103865936619,1.0,0.9958623582984452,0.9979260325734941,0.9987342793569806,0.3883495145631068,0.2127659574468085,0.274914089347079,0.656910569105691,StandardScaler
2,MLPClassifier,StratifiedKFold,0.32300867654838117,0.41089473684210526,0.3605291134940475,0.5577882860461258,0.32519408467351585,0.41282524713100777,0.36377542859815143,0.5582681532519086,0.2992125984251969,0.40425531914893614,0.3438914027149321,0.5284552845528455,StandardScaler
3,KNeighborsClassifier,StratifiedKFold,0.3510975133778418,0.20212280701754387,0.2554399070795944,0.6423975443836072,0.6847099728584886,0.39878859919764365,0.5038695250987525,0.7598319644971477,0.43333333333333335,0.2765957446808511,0.33766233766233766,0.6682926829268293,StandardScaler
