,model,mean_train_precision,mean_train_recall,mean_train_f1,mean_train_accuracy,mean_test_precision,mean_test_recall,mean_test_f1,mean_test_accuracy,normalizer,foldingStrat
0,LogisticRegression,0.0,0.0,0.0,0.7680262239387903,0.0,0.0,0.0,0.7680265428002655,Normal,BalancedKFold
1,SGDClassifier,0.1434367747465179,0.2730039006600772,0.15186883552305508,0.6291020006836586,0.1486250041518584,0.26772543632837753,0.14859206682214932,0.6217889847378899,Normal,BalancedKFold
2,RidgeClassifier,0.0,0.0,0.0,0.7680262239387903,0.0,0.0,0.0,0.7680265428002655,Normal,BalancedKFold
3,RandomForestClassifier,0.26878509770589326,0.6501734725713313,0.3801423623681218,0.5082149045431865,0.26336846910985423,0.6374185362347563,0.37125453800968206,0.5039946914399469,Normal,BalancedKFold
4,KNeighborsClassifier,0.2626354762411781,0.14375702153109776,0.175828864513422,0.7189873732710443,0.2789156667529452,0.15792578973500176,0.18397834123256152,0.7133722627737227,Normal,BalancedKFold
5,MLPClassifier,0.146969938002007,0.10171250281944388,0.10205988489561826,0.7116707529019474,0.16038300335802566,0.11936108135961035,0.11059965598559204,0.7235301924353019,Normal,BalancedKFold
6,LinearSVC,0.0,0.0,0.0,0.7680262239387903,0.0,0.0,0.0,0.7680265428002655,Normal,BalancedKFold
