,model,mean_train_precision,mean_train_recall,mean_train_f1,mean_train_accuracy,mean_test_precision,mean_test_recall,mean_test_f1,mean_test_accuracy,normalizer,foldingStrat
0,LogisticRegression,0.0,0.0,0.0,0.9270384995625454,0.0,0.0,0.0,0.9270283479960899,Normal,BalancedKFold
1,SGDClassifier,0.02456790779200085,0.09206666666666667,0.03745338903784997,0.8837058272086129,0.02232876712328767,0.08352272727272728,0.03485886544258701,0.8846242309240411,Normal,BalancedKFold
2,RidgeClassifier,0.0,0.0,0.0,0.9270384995625454,0.0,0.0,0.0,0.9270283479960899,Normal,BalancedKFold
3,RandomForestClassifier,0.11135275362218397,0.632921267304521,0.1893505021612631,0.6046124635128709,0.10840497545269363,0.6003907663543886,0.1818708719363147,0.6024869185210742,Normal,BalancedKFold
4,KNeighborsClassifier,0.0,0.0,0.0,0.9269192745146956,0.0,0.0,0.0,0.9270283479960899,Normal,BalancedKFold
5,MLPClassifier,0.0,0.0,0.0,0.9270384995625454,0.0,0.0,0.0,0.9270283479960899,Normal,BalancedKFold
6,LinearSVC,0.0,0.0,0.0,0.9270384995625454,0.0,0.0,0.0,0.9270283479960899,Normal,BalancedKFold
