,model,mean_train_accuracy,mean_train_f1,mean_train_precision,mean_train_recall,mean_test_accuracy,mean_test_f1,mean_test_precision,mean_test_recall,normalizer,foldingStrat
0,LogisticRegression,,,,,,,,,Normal,BalancedKFold
1,SGDClassifier,0.9133675147340362,0.005688282138794083,0.005787037037037038,0.005592841163310962,0.9118394571905007,0.0022222222222222222,0.001587301587301587,0.0037037037037037034,Normal,BalancedKFold
2,RandomForestClassifier,0.5954941460679188,0.20629236722365377,0.12373426944453073,0.6202246785295229,0.594468403197056,0.20393904902691493,0.1232014291710722,0.6097985347985349,Normal,BalancedKFold
3,KNeighborsClassifier,0.9152359305559404,0.0,0.0,0.0,0.9152262664596631,0.0,0.0,0.0,Normal,BalancedKFold
4,MLPClassifier,0.9152226872769046,0.0,0.0,0.0,0.9151665293031519,0.0,0.0,0.0,Normal,BalancedKFold
5,LinearSVC,,,,,,,,,Normal,BalancedKFold
6,OneClassSVM,,,,,,,,,Normal,BalancedKFold
