,model,mean_train_precision,mean_train_recall,mean_train_f1,mean_train_accuracy,mean_test_precision,mean_test_recall,mean_test_f1,mean_test_accuracy,normalizer,foldingStrat
0,LogisticRegression,0.0,0.0,0.0,0.9152359305559404,0.0,0.0,0.0,0.9152262664596631,Normal,BalancedKFold
1,SGDClassifier,0.017361111111111112,0.016778523489932886,0.01706484641638225,0.9096306830902279,0.0047619047619047615,0.01111111111111111,0.006666666666666666,0.9050658386521764,Normal,BalancedKFold
2,RidgeClassifier,0.0,0.0,0.0,0.9152359305559404,0.0,0.0,0.0,0.9152262664596631,Normal,BalancedKFold
3,RandomForestClassifier,0.12373426944453073,0.6202246785295229,0.20629236722365377,0.5954941460679188,0.1232014291710722,0.6097985347985349,0.20393904902691493,0.594468403197056,Normal,BalancedKFold
4,KNeighborsClassifier,0.0,0.0,0.0,0.9152359305559404,0.0,0.0,0.0,0.9152262664596631,Normal,BalancedKFold
5,MLPClassifier,0.0,0.0,0.0,0.9152359305559404,0.0,0.0,0.0,0.9152262664596631,Normal,BalancedKFold
6,LinearSVC,0.0,0.0,0.0,0.9152359305559404,0.0,0.0,0.0,0.9152262664596631,Normal,BalancedKFold
