,model,mean_train_precision,mean_train_recall,mean_train_f1,mean_train_accuracy,mean_test_precision,mean_test_recall,mean_test_f1,mean_test_accuracy,normalizer,foldingStrat
0,LogisticRegression,0.0,0.0,0.0,0.9706396247854912,0.0,0.0,0.0,0.970616406082673,Normal,KFold
1,SGDClassifier,0.07015883371265966,0.012586103428209863,0.017195129381629683,0.9662711456544095,0.00909090909090909,0.008333333333333333,0.008695652173913044,0.9655818281335522,Normal,KFold
2,RidgeClassifier,0.0,0.0,0.0,0.9707545837579893,0.0,0.0,0.0,0.9707543371171556,Normal,KFold
3,RandomForestClassifier,1.0,0.9979191217398998,0.9989568544132297,0.9999386879215205,0.0,0.0,0.0,0.9704784750481901,Normal,KFold
4,KNeighborsClassifier,0.44845238095238094,0.007333769836863194,0.014411083552728332,0.970716263121614,0.0,0.0,0.0,0.9702025653839745,Normal,KFold
5,MLPClassifier,0.4833333333333333,0.002909556977854023,0.005765441046895326,0.9708082306520078,0.0,0.0,0.0,0.9705474405654316,Normal,KFold
6,LinearSVC,0.02,0.00026954177897574127,0.0005319148936170214,0.9706932716795098,0.1,0.0030303030303030303,0.005882352941176471,0.9708233026343971,Normal,KFold
