,model,train_accuracy,train_f1,train_precision,train_recall,test_accuracy,test_f1,test_precision,test_recall
0,LogisticRegression,0.9593386246645688,0.0,0.0,0.0,0.9593329596412556,0.0,0.0,0.0
1,SGDClassifier,0.9149021588335745,0.03369748333127214,0.12147384264105804,0.07058150366395459,0.9131111867392697,0.032334130519871294,0.06124556401763731,0.07231684981684981
2,RidgeClassifier,0.9593387035170673,0.0,0.0,0.0,0.9593393657911594,0.0,0.0,0.0
3,RandomForestClassifier,1.0,1.0,1.0,1.0,0.9937437940422805,0.913806113423746,0.9991666666666668,0.8503227067050598
4,KNeighborsClassifier,0.9962466530810375,0.9517372420231132,0.995409352100742,0.9118693105042378,0.9930733504163995,0.9085092875123155,0.9728643578643574,0.8584512432012427
5,MLPClassifier,0.9605203599616581,0.060744976275427846,0.2111513932763933,0.04082778877971212,0.959833440102498,0.050014992231710506,0.09311904761904762,0.037781746031746034
