,Total_Chol,LDL,HDL,FBG,FBG,DIABETES,HYPERTEN,CHEST_PAIN
Total_Chol,1.0,0.9235550911109246,0.9235550911109246,-0.017514564382179274,0.2906642554278223,-0.15269976297818105,-0.0911989790724341,-0.04662203885052924
LDL,0.9235550911109246,1.0,1.0,-0.04326914765204226,0.14691151050317322,-0.16921400512387877,-0.12321991077908744,-0.0590537961962043
HDL,0.9235550911109246,1.0,1.0,-0.04326914765204226,0.14691151050317322,-0.16921400512387877,-0.12321991077908744,-0.0590537961962043
FBG,-0.017514564382179274,-0.04326914765204226,-0.04326914765204226,1.0,0.21770990534662774,0.5005486580271026,0.10796257535951849,0.027420046875550184
FBG,0.2906642554278223,0.14691151050317322,0.14691151050317322,0.21770990534662774,1.0,0.13167301682433463,0.05103567646652527,0.03755572158634806
DIABETES,-0.15269976297818105,-0.16921400512387877,-0.16921400512387877,0.5005486580271026,0.13167301682433463,1.0,0.17737943204252787,0.07157561783148014
HYPERTEN,-0.0911989790724341,-0.12321991077908744,-0.12321991077908744,0.10796257535951849,0.05103567646652527,0.17737943204252787,1.0,0.1669727121832606
CHEST_PAIN,-0.04662203885052924,-0.0590537961962043,-0.0590537961962043,0.027420046875550184,0.03755572158634806,0.07157561783148014,0.1669727121832606,1.0
