,Total_Chol,LDL,HDL,FBG,FBG,DIABETES,HYPERTEN,CHEST_PAIN,BMI,WC
count,2034.0,2034.0,2034.0,2034.0,2034.0,2034.0,2034.0,2034.0,2034.0,2034.0
mean,197.11012782694198,115.89626352015732,115.89626352015732,115.12295968534907,138.65978367748278,0.19665683382497542,0.5334316617502458,0.24778761061946902,27.8119714847591,99.97708947885938
std,45.235555161245365,39.67549824073594,39.67549824073594,43.63691885945689,68.90245809177952,0.39756840014506367,0.49900375269592456,0.43183398702524206,5.979050892835552,15.126017177582629
min,72.0,22.0,22.0,39.3,24.0,0.0,0.0,0.0,14.59,61.8
25%,167.0,89.0,89.0,93.125,88.0,0.0,0.0,0.0,23.88,89.6
50%,194.0,113.0,113.0,102.55,122.0,0.0,1.0,0.0,26.92,99.0
75%,224.0,140.0,140.0,119.0,172.0,0.0,1.0,0.0,30.82,108.7
max,704.0,629.0,629.0,584.0,394.0,1.0,1.0,1.0,64.16,165.2
