,Total_Chol,LDL,HDL,FBG,FBG,DIABETES,HYPERTEN,BMI,WC,SYSTOLIC,DIASTOLIC,GENDER,AGE
count,6314.0,6314.0,6314.0,6314.0,6314.0,6314.0,6314.0,6314.0,6314.0,6314.0,6314.0,6314.0,6314.0
mean,198.14652448657188,114.95142231947486,89.62916338840807,116.57803225806451,152.60672807368837,0.22141273360785557,0.5448210326259106,27.98811025145068,99.99428336417847,139.46074301034085,67.08234392952892,1.4499524865378524,69.20446626544188
std,42.09520802541341,23.663621658596174,34.765220646697024,35.49181371980001,70.77661317883492,0.4152305889636778,0.4980264627885858,5.732026205089564,13.383657360609401,23.464947189477353,16.41564988784622,0.49752834136230856,15.49436177965601
min,72.0,22.0,11.0,38.4,24.0,0.0,0.0,12.040000000000001,58.5,72.0,5.397605346934028e-79,1.0,18.0
25%,174.0,114.95142231947483,70.0,102.0,150.0,0.0,0.0,24.59,92.92500000000001,124.0,62.0,1.0,62.0
50%,198.14652448657188,114.95142231947483,89.62916338840807,116.57803225806451,152.60672807368843,0.0,1.0,27.988110251450678,99.99428336417849,139.46074301034088,67.08234392952892,1.0,74.0
75%,217.0,114.95142231947483,96.0,116.57803225806451,152.60672807368843,0.0,1.0,29.93,105.6,150.0,76.0,2.0,80.0
max,727.0,629.0,629.0,584.0,2740.0,1.0,1.0,81.25,166.4,270.0,134.0,2.0,85.0
