,Total_Chol,LDL,HDL,FBG,TG,DIABETES,HYPERTEN,BMI,WC,SYSTOLIC,DIASTOLIC,GENDER,AGE
count,2455.0,2455.0,2455.0,2455.0,2455.0,2455.0,2455.0,2455.0,2455.0,2455.0,2455.0,2455.0,2455.0
mean,187.77548005908417,106.19266055045873,52.3067454455933,121.22482893450638,138.7761194029851,0.2529531568228106,0.5922606924643584,28.275272556390977,101.09348171701114,139.0059880239521,67.32934131736525,0.5657841140529531,69.05173116089613
std,41.87671401159238,23.717388171836006,15.202409108448903,30.48145513771573,57.62951335595081,0.43479289471310956,0.49151436446919117,6.279295438090591,14.008453173706743,6.833417635553773,5.374214987027493,0.4957545374086109,14.792127002158596
min,84.0,22.0,11.0,45.0,24.0,0.0,0.0,13.18,61.5,86.0,5.397605346934028e-79,0.0,18.0
25%,162.0,106.19266055045871,42.0,113.0,132.0,0.0,0.0,24.415,93.6,139.00598802395209,67.32934131736526,0.0,62.0
50%,187.7754800590842,106.19266055045871,52.3067454455933,121.22482893450635,138.77611940298507,0.0,1.0,28.27527255639098,101.09348171701113,139.00598802395209,67.32934131736526,1.0,75.0
75%,207.0,106.19266055045871,58.0,121.22482893450635,138.77611940298507,1.0,1.0,30.55,107.0,139.00598802395209,67.32934131736526,1.0,80.0
max,525.0,253.0,156.0,584.0,849.0,1.0,1.0,81.25,166.4,226.0,118.0,1.0,85.0
