,model,mean_train_precision,mean_train_recall,mean_train_f1,mean_train_accuracy,mean_test_precision,mean_test_recall,mean_test_f1,mean_test_accuracy,normalizer,foldingStrat
0,LogisticRegression,0.0,0.0,0.0,0.8041570954285697,0.0,0.0,0.0,0.8041208791208792,MinMaxScaler,BalancedKFold
1,SGDClassifier,0.20243317490079799,0.0639527714194074,0.08214220861279685,0.7927295545050599,0.2033333333333333,0.07566666666666667,0.09694441790093963,0.7920926899187768,MinMaxScaler,BalancedKFold
2,RidgeClassifier,0.0,0.0,0.0,0.8040354409273531,0.0,0.0,0.0,0.8030219780219781,MinMaxScaler,BalancedKFold
3,RandomForestClassifier,1.0,1.0,1.0,1.0,0.3666666666666667,0.027247863247863248,0.048763736263736264,0.7965002388915432,MinMaxScaler,BalancedKFold
4,KNeighborsClassifier,1.0,1.0,1.0,1.0,0.27893939393939393,0.08179034690799399,0.11609055547136042,0.767009077878643,MinMaxScaler,BalancedKFold
5,MLPClassifier,0.7090916827758933,0.16870797446344643,0.2717446091755645,0.823365794242771,0.38333333333333336,0.09825389643036703,0.15414744780719689,0.7900023889154323,MinMaxScaler,BalancedKFold
6,LinearSVC,0.0,0.0,0.0,0.8041570954285697,0.0,0.0,0.0,0.8041208791208792,MinMaxScaler,BalancedKFold
