,model,mean_train_precision,mean_train_recall,mean_train_f1,mean_train_accuracy,mean_test_precision,mean_test_recall,mean_test_f1,mean_test_accuracy,normalizer,foldingStrat
0,LogisticRegression,0.0,0.0,0.0,0.7884625132975875,0.0,0.0,0.0,0.7885398737808377,MinMaxScaler,BalancedKFold
1,SGDClassifier,0.33949826284858026,0.22728533722392444,0.16678791989274305,0.6873788937835117,0.18406906906906906,0.2085353372118078,0.12786366075573857,0.6645152036718303,MinMaxScaler,BalancedKFold
2,RidgeClassifier,0.3,0.0018915696152429814,0.0037594251123933596,0.7888630473429814,0.0,0.0,0.0,0.7885398737808377,MinMaxScaler,BalancedKFold
3,RandomForestClassifier,1.0,1.0,1.0,1.0,0.21666666666666665,0.026411170528817585,0.04666666666666667,0.7765060240963855,MinMaxScaler,BalancedKFold
4,KNeighborsClassifier,1.0,1.0,1.0,1.0,0.355,0.1283064725092589,0.1871311070655149,0.7692340791738382,MinMaxScaler,BalancedKFold
5,MLPClassifier,0.7559671968799322,0.4385283083161628,0.5530001754427883,0.8512278403289949,0.24985500610500613,0.15002687628848618,0.1845170859876742,0.7247418244406196,MinMaxScaler,BalancedKFold
6,LinearSVC,0.0,0.0,0.0,0.7884625132975875,0.0,0.0,0.0,0.7885398737808377,MinMaxScaler,BalancedKFold
