,model,mean_train_precision,mean_train_recall,mean_train_f1,mean_train_accuracy,mean_test_precision,mean_test_recall,mean_test_f1,mean_test_accuracy,normalizer,foldingStrat
0,LogisticRegression,0.0,0.0,0.0,0.7850880841329729,0.0,0.0,0.0,0.7851170568561873,MinMaxScaler,BalancedKFold
1,SGDClassifier,0.3519856817919772,0.1483912851044395,0.08615523857406363,0.7250395116009626,0.13903061224489796,0.16125,0.07139708481483793,0.7015886287625418,MinMaxScaler,BalancedKFold
2,RidgeClassifier,0.5,0.002827641758538096,0.005623450525724182,0.7856972460711209,0.0,0.0,0.0,0.7851170568561873,MinMaxScaler,BalancedKFold
3,RandomForestClassifier,0.9915010286338072,0.9920491606491177,0.9917629393209015,0.9964668310507709,0.4333333333333333,0.033530114386891886,0.059571039876886944,0.7807214524605829,MinMaxScaler,BalancedKFold
4,KNeighborsClassifier,0.6414672210932706,0.2260891970298967,0.3340757305621837,0.8064083063485933,0.3321428571428572,0.11474020544672718,0.1620672049260862,0.7532250358337315,MinMaxScaler,BalancedKFold
5,MLPClassifier,0.7251041541684385,0.2652815440638682,0.38580862384868014,0.8199316716675084,0.3267807192807193,0.13030925915516708,0.18082340472663053,0.7510630673674152,MinMaxScaler,BalancedKFold
6,LinearSVC,0.0,0.0,0.0,0.7850880841329729,0.0,0.0,0.0,0.7851170568561873,MinMaxScaler,BalancedKFold
