,model,mean_train_precision,mean_train_recall,mean_train_f1,mean_train_accuracy,mean_test_precision,mean_test_recall,mean_test_f1,mean_test_accuracy,normalizer,foldingStrat
0,LogisticRegression,0.9,0.003297604918466167,0.006568416335496154,0.7687950124355141,0.1,0.00125,0.002469135802469136,0.7683901791639018,MinMaxScaler,BalancedKFold
1,SGDClassifier,0.213744457592767,0.3376853832470221,0.2121073495962877,0.6090471803012028,0.18530086899816825,0.3521783290986643,0.212405572582875,0.6048666224286664,MinMaxScaler,BalancedKFold
2,RidgeClassifier,0.6,0.0012098618843730878,0.0024144045467051527,0.7683094445732307,0.0,0.0,0.0,0.7680265428002655,MinMaxScaler,BalancedKFold
3,RandomForestClassifier,0.9739173137087986,0.8904028363870571,0.9302607419950129,0.9690459328207203,0.38738087892499656,0.07061082649670755,0.11734203323350609,0.7582030524220306,MinMaxScaler,BalancedKFold
4,KNeighborsClassifier,0.621939642519264,0.2578934103965266,0.3642435564759308,0.7913331539056944,0.27700050577069635,0.1141686253373138,0.15823959402361595,0.7261512939615129,MinMaxScaler,BalancedKFold
5,MLPClassifier,0.7887433825204723,0.024837156699264014,0.04785359059590876,0.7719105540123032,0.5700000000000001,0.023423342106789747,0.04429936155149086,0.7702123424021236,MinMaxScaler,BalancedKFold
6,LinearSVC,0.0,0.0,0.0,0.7680262239387903,0.0,0.0,0.0,0.7680265428002655,MinMaxScaler,BalancedKFold
