,model,mean_train_precision,mean_train_recall,mean_train_f1,mean_train_accuracy,mean_test_precision,mean_test_recall,mean_test_f1,mean_test_accuracy,normalizer,foldingStrat
0,LogisticRegression,0.0,0.0,0.0,0.9539832436720967,0.0,0.0,0.0,0.9539833413604557,Normalizer,StratifiedKFold
1,SGDClassifier,0.02571669933803833,0.07073954983922828,0.01888922820745747,0.903103976640916,0.02526315789473684,0.06857142857142857,0.018601913171449595,0.9031854690200302,Normalizer,StratifiedKFold
2,RidgeClassifier,0.0,0.0,0.0,0.9539832436720967,0.0,0.0,0.0,0.9539833413604557,Normalizer,StratifiedKFold
3,RandomForestClassifier,1.0,0.9977553796685628,0.998874336685768,0.9998965633702145,0.0,0.0,0.0,0.9537173839136471,Normalizer,StratifiedKFold
4,KNeighborsClassifier,0.9857142857142858,0.016701706653475146,0.03280801191321596,0.9547368923935899,0.0,0.0,0.0,0.9538501855681787,Normalizer,StratifiedKFold
5,MLPClassifier,0.0,0.0,0.0,0.9539832436720967,0.0,0.0,0.0,0.9539833413604557,Normalizer,StratifiedKFold
6,LinearSVC,0.0,0.0,0.0,0.9539832436720967,0.0,0.0,0.0,0.9539833413604557,Normalizer,StratifiedKFold
