,model,mean_train_precision,mean_train_recall,mean_train_f1,mean_train_accuracy,mean_test_precision,mean_test_recall,mean_test_f1,mean_test_accuracy,normalizer,foldingStrat
0,LogisticRegression,0.0,0.0,0.0,0.954032154635098,0.0,0.0,0.0,0.9540324517532707,Normalizer,StratifiedKFold
1,SGDClassifier,0.02578947368421053,0.0028928600873938492,0.005050852167080863,0.9528512055536854,0.02857142857142857,0.0058823529411764705,0.00975609756097561,0.9525710985843858,Normalizer,StratifiedKFold
2,RidgeClassifier,0.0,0.0,0.0,0.954032154635098,0.0,0.0,0.0,0.9540324517532707,Normalizer,StratifiedKFold
3,RandomForestClassifier,1.0,0.9977522879050209,0.9988733011111923,0.999896670251025,0.0,0.0,0.0,0.9535010666553644,Normalizer,StratifiedKFold
4,KNeighborsClassifier,1.0,0.01734788523373732,0.03403626208875866,0.9548292984789901,0.0,0.0,0.0,0.9538996496284368,Normalizer,StratifiedKFold
5,MLPClassifier,0.0,0.0,0.0,0.954032154635098,0.0,0.0,0.0,0.9540324517532707,Normalizer,StratifiedKFold
6,LinearSVC,0.0,0.0,0.0,0.954032154635098,0.0,0.0,0.0,0.9540324517532707,Normalizer,StratifiedKFold
