,model,mean_train_accuracy,mean_train_f1,mean_train_precision,mean_train_recall,mean_test_accuracy,mean_test_f1,mean_test_precision,mean_test_recall,normalizer,foldingStrat
0,LogisticRegression,,,,,,,,,Normalizer,StratifiedKFold
1,SGDClassifier,0.906455572297087,0.01272149061159641,0.039357261337936496,0.05759062302470663,0.9076649077449069,0.00949164118732123,0.008071966592514539,0.05781512605042016,Normalizer,StratifiedKFold
2,RandomForestClassifier,0.9998745289401523,0.9986301955900132,1.0,0.9972710033803283,0.9540324517532707,0.0,0.0,0.0,Normalizer,StratifiedKFold
3,KNeighborsClassifier,0.9775548771785327,0.5299659200102389,0.9026800976800977,0.5155747588424437,0.9520392719900539,0.005409356725146199,0.06666666666666667,0.002857142857142857,Normalizer,StratifiedKFold
4,MLPClassifier,0.95406495859467,0.0017634737297587252,0.09500000000000001,0.0008922600562471945,0.9540176763395591,0.0,0.0,0.0,Normalizer,StratifiedKFold
5,LinearSVC,,,,,,,,,Normalizer,StratifiedKFold
6,OneClassSVM,,,,,,,,,Normalizer,StratifiedKFold
