,model,mean_train_accuracy,mean_train_f1,mean_train_precision,mean_train_recall,mean_test_accuracy,mean_test_f1,mean_test_precision,mean_test_recall,normalizer,foldingStrat
0,LogisticRegression,,,,,,,,,Normal,BalancedKFold
1,SGDClassifier,0.8803544977368093,0.029901355667856,0.17210521241005514,0.06364689713032276,0.8751414768806072,0.028337424649452488,0.05510572425427498,0.06301587301587301,Normal,BalancedKFold
2,RandomForestClassifier,1.0,1.0,1.0,1.0,0.9203933747412009,0.0,0.0,0.0,Normal,BalancedKFold
3,KNeighborsClassifier,0.9630694750532894,0.5801134516898334,0.8706547619047619,0.5451057417562956,0.918944099378882,0.04472222222222222,0.11666666666666667,0.02857142857142857,Normal,BalancedKFold
4,MLPClassifier,0.9226225314360723,0.10607189323986102,0.32384032056167095,0.07208375812384951,0.9149413388543822,0.026049382716049382,0.0685185185185185,0.017671957671957672,Normal,BalancedKFold
5,LinearSVC,,,,,,,,,Normal,BalancedKFold
6,OneClassSVM,,,,,,,,,Normal,BalancedKFold
