,model,mean_train_precision,mean_train_recall,mean_train_f1,mean_train_accuracy,mean_test_precision,mean_test_recall,mean_test_f1,mean_test_accuracy,normalizer,foldingStrat
0,LogisticRegression,0.0,0.0,0.0,0.9205186500338061,0.0,0.0,0.0,0.9203933747412009,Normal,BalancedKFold
1,SGDClassifier,0.2333333333333333,0.0062109929078014185,0.012009803921568628,0.9203581363901462,0.1,0.014285714285714285,0.025,0.9218426501035196,Normal,BalancedKFold
2,RidgeClassifier,0.0,0.0,0.0,0.9205186500338061,0.0,0.0,0.0,0.9203933747412009,Normal,BalancedKFold
3,RandomForestClassifier,1.0,1.0,1.0,1.0,0.2,0.02857142857142857,0.05,0.9218426501035196,Normal,BalancedKFold
4,KNeighborsClassifier,1.0,1.0,1.0,1.0,0.23333333333333334,0.05714285714285714,0.08944444444444444,0.9218426501035196,Normal,BalancedKFold
5,MLPClassifier,0.7372218631042161,0.2854877665175325,0.4060490136011679,0.9352926148240286,0.4,0.1261904761904762,0.17222222222222222,0.9087784679089026,Normal,BalancedKFold
6,LinearSVC,0.015409309791332263,0.2,0.028614008941877787,0.7513372696164705,0.02028985507246377,0.2,0.0368421052631579,0.7609730848861282,Normal,BalancedKFold
