,model,mean_train_precision,mean_train_recall,mean_train_f1,mean_train_accuracy,mean_test_precision,mean_test_recall,mean_test_f1,mean_test_accuracy,normalizer,foldingStrat
0,LogisticRegression,0.0,0.0,0.0,0.948063523178026,0.0,0.0,0.0,0.9480631818224164,RobustScaler,KFold
1,SGDClassifier,0.013857676340981345,0.1036707035017197,0.024237122208903516,0.8816450786721983,0.013328342690788106,0.1033732443011743,0.023519964209099967,0.8787910490865558,RobustScaler,KFold
2,RidgeClassifier,0.0,0.0,0.0,0.948063523178026,0.0,0.0,0.0,0.9480631818224164,RobustScaler,KFold
3,RandomForestClassifier,0.07067031671653577,0.6820467010279136,0.12806901328405965,0.5176495212653492,0.06971028308667954,0.6729914911818151,0.1262897331899637,0.5168031476012583,RobustScaler,KFold
4,KNeighborsClassifier,0.008051235132662397,0.010653753026634382,0.009171443460135487,0.9423855046021746,0.006716417910447761,0.008490566037735849,0.007499999999999998,0.941600786279241,RobustScaler,KFold
5,MLPClassifier,0.03438200165230182,0.0014381785871883563,0.0027377052735611486,0.9456549407075985,0.01111111111111111,0.001098901098901099,0.002,0.9457224483965432,RobustScaler,KFold
6,LinearSVC,0.0,0.0,0.0,0.948063523178026,0.0,0.0,0.0,0.9480631818224164,RobustScaler,KFold
