,model,mean_train_precision,mean_train_recall,mean_train_f1,mean_train_accuracy,mean_test_precision,mean_test_recall,mean_test_f1,mean_test_accuracy,normalizer,foldingStrat
0,LogisticRegression,0.0,0.0,0.0,0.7997274797025328,0.0,0.0,0.0,0.799825710564621,StandardScaler,StratifiedKFold
1,SGDClassifier,0.2014010457763729,0.23763021756076821,0.20473660536939198,0.6620835968983434,0.21023697879181752,0.2530917874396136,0.2134318640206041,0.6562399448402665,StandardScaler,StratifiedKFold
2,RidgeClassifier,0.0,0.0,0.0,0.799824803303506,0.0,0.0,0.0,0.799825710564621,StandardScaler,StratifiedKFold
3,RandomForestClassifier,1.0,0.9997572815533982,0.9998784933171324,0.9999513381995133,0.2702380952380952,0.028357487922705316,0.05087219212793971,0.7906190147858729,StandardScaler,StratifiedKFold
4,KNeighborsClassifier,0.6648097124618506,0.20520752131906547,0.3133423071558245,0.8201685868414131,0.23576560694207754,0.07222222222222222,0.10987930809924935,0.7652148931280165,StandardScaler,StratifiedKFold
5,MLPClassifier,0.7826478932382481,0.4643806250442917,0.5825364636224616,0.8668907857672525,0.24948229033034833,0.16400966183574878,0.19632799504578732,0.73148701447943,StandardScaler,StratifiedKFold
6,LinearSVC,0.0,0.0,0.0,0.799824803303506,0.0,0.0,0.0,0.799825710564621,StandardScaler,StratifiedKFold
