,model,mean_train_precision,mean_train_recall,mean_train_f1,mean_train_accuracy,mean_test_precision,mean_test_recall,mean_test_f1,mean_test_accuracy,normalizer,foldingStrat
0,LogisticRegression,0.0,0.0,0.0,0.8142566506004846,0.0,0.0,0.0,0.8142591670814667,StandardScaler,StratifiedKFold
1,SGDClassifier,0.1949745237212936,0.2347807251795146,0.19928054675754964,0.679799565332279,0.16003819670421165,0.18917874396135265,0.1631381978611524,0.6740584038493447,StandardScaler,StratifiedKFold
2,RidgeClassifier,0.0,0.0,0.0,0.8142566506004846,0.0,0.0,0.0,0.8142591670814667,StandardScaler,StratifiedKFold
3,RandomForestClassifier,0.9535583634182097,0.9795317785294643,0.966354673189531,0.9873274899680247,0.28544011544011544,0.030821256038647337,0.054081657243170475,0.8024373651899784,StandardScaler,StratifiedKFold
4,KNeighborsClassifier,0.9959208905525457,0.9485864340395228,0.9716707823349523,0.9897261921100229,0.28390873015873014,0.07454106280193237,0.11653933052697982,0.7893977103036336,StandardScaler,StratifiedKFold
5,MLPClassifier,0.18674822129545401,0.2711886534923743,0.1878619634063185,0.6382545489554251,0.23475641025641028,0.2922222222222222,0.21197027272530405,0.6487904430064708,StandardScaler,StratifiedKFold
6,LinearSVC,0.0,0.0,0.0,0.8142566506004846,0.0,0.0,0.0,0.8142591670814667,StandardScaler,StratifiedKFold
