,model,mean_train_precision,mean_train_recall,mean_train_f1,mean_train_accuracy,mean_test_precision,mean_test_recall,mean_test_f1,mean_test_accuracy,normalizer,foldingStrat
0,LogisticRegression,0.0,0.0,0.0,0.8305499304572613,0.0,0.0,0.0,0.8305525136884022,StandardScaler,StratifiedKFold
1,SGDClassifier,0.218339673157853,0.1653040998217469,0.17686911775211916,0.7570041930481841,0.22471390231255056,0.172938443670151,0.18464398742045648,0.7584619213539073,StandardScaler,StratifiedKFold
2,RidgeClassifier,0.0,0.0,0.0,0.8305499304572613,0.0,0.0,0.0,0.8305525136884022,StandardScaler,StratifiedKFold
3,RandomForestClassifier,1.0,0.9997326203208556,0.9998661311914324,0.9999547511312217,0.1,0.0024390243902439024,0.0047619047619047615,0.8305525136884022,StandardScaler,StratifiedKFold
4,KNeighborsClassifier,1.0,1.0,1.0,1.0,0.20206210456210458,0.04796747967479674,0.07716853542666131,0.8061191305790609,StandardScaler,StratifiedKFold
5,MLPClassifier,0.9370701581027667,0.039531550802139034,0.0756274987666926,0.8367504593507842,0.375,0.011904761904761904,0.022846769004504087,0.8289231790277085,StandardScaler,StratifiedKFold
6,LinearSVC,0.0,0.0,0.0,0.8305499304572613,0.0,0.0,0.0,0.8305525136884022,StandardScaler,StratifiedKFold
