,model,mean_train_precision,mean_train_recall,mean_train_f1,mean_train_accuracy,mean_test_precision,mean_test_recall,mean_test_f1,mean_test_accuracy,normalizer,foldingStrat
0,LogisticRegression,1.0,0.0012948259371355947,0.002585989818261516,0.782828285549763,0.1,0.0007246376811594203,0.0014388489208633092,0.7827052699151438,StandardScaler,StratifiedKFold
1,SGDClassifier,0.24228567635913084,0.021525883416532367,0.03802765658875121,0.7749267299181074,0.28117167919799496,0.016010790225325294,0.028710714244762285,0.773999227667556,StandardScaler,StratifiedKFold
2,RidgeClassifier,0.9,0.0007283518729609685,0.0014555258180219918,0.7827051049763205,0.0,0.0,0.0,0.7825470420670424,StandardScaler,StratifiedKFold
3,RandomForestClassifier,0.8673972136229782,0.9792016823238081,0.9199096254278366,0.9629219196324799,0.297766977328132,0.08231249338834233,0.1284905553804874,0.7570452767357418,StandardScaler,StratifiedKFold
4,KNeighborsClassifier,0.6476531754727686,0.2082219645454188,0.31510498170515044,0.8031711255519605,0.26245436548902534,0.08011742304030467,0.12244138525391801,0.7507131537242472,StandardScaler,StratifiedKFold
5,MLPClassifier,0.8069883681702221,0.064254680764645,0.11882179769050408,0.7930348409389347,0.30287730243612593,0.019655135935681793,0.0364081942451724,0.7751058195751169,StandardScaler,StratifiedKFold
6,LinearSVC,0.0,0.0,0.0,0.782546725529242,0.0,0.0,0.0,0.7825470420670424,StandardScaler,StratifiedKFold
