,model,mean_train_precision,mean_train_recall,mean_train_f1,mean_train_accuracy,mean_test_precision,mean_test_recall,mean_test_f1,mean_test_accuracy,normalizer,foldingStrat
0,LogisticRegression,1.0,0.0012948259371355947,0.002585989818261516,0.782828285549763,0.1,0.0007246376811594203,0.0014388489208633092,0.7827052699151438,Normal,StratifiedKFold
1,SGDClassifier,0.260427669682837,0.47362243360454903,0.18544637026645744,0.5280574445865489,0.16286573870682095,0.4795726224479001,0.18505632173559436,0.527336305643042,Normal,StratifiedKFold
2,RidgeClassifier,0.7,0.0005665395752263408,0.0011321628430826223,0.7826699091995412,0.0,0.0,0.0,0.7825470420670424,Normal,StratifiedKFold
3,RandomForestClassifier,0.8670562261607723,0.97944440077041,0.9198237524873079,0.962869130612596,0.3050923420219178,0.08450227441024014,0.13187026328931453,0.7579956468534975,Normal,StratifiedKFold
4,KNeighborsClassifier,0.5992715464419175,0.1901749145080775,0.288626597493282,0.7962728245309206,0.22066771112271616,0.06697344758277794,0.10239240743824389,0.7446917189913538,Normal,StratifiedKFold
5,MLPClassifier,0.5307588053433373,0.05672005817381391,0.07779894540307329,0.7724992401862004,0.4311250664540139,0.04523431714799534,0.058352303748830894,0.7686016770647355,Normal,StratifiedKFold
6,LinearSVC,0.26780952380952383,0.004126606658543296,0.0075197182039579815,0.7811917763836556,0.13999999999999999,0.0051094890510948905,0.009344012204424103,0.7817554013119621,Normal,StratifiedKFold
