,model,mean_train_precision,mean_train_recall,mean_train_f1,mean_train_accuracy,mean_test_precision,mean_test_recall,mean_test_f1,mean_test_accuracy,normalizer,foldingStrat
0,LogisticRegression,0.0,0.0,0.0,0.8013220402718215,0.0,0.0,0.0,0.8003960204771564,Normal,StratifiedKFold
1,SGDClassifier,0.14552559798101122,0.49535918626827724,0.2071596716743366,0.5167655107991393,0.13301965915233685,0.47469512195121943,0.19432112783043598,0.5059354776393317,Normal,StratifiedKFold
2,RidgeClassifier,0.0,0.0,0.0,0.8013766552363217,0.0,0.0,0.0,0.8008886313145949,Normal,StratifiedKFold
3,RandomForestClassifier,1.0,0.999174310537947,0.9995865863491913,0.9998360954180134,0.31666666666666665,0.019939024390243903,0.037430786267995564,0.8004056795131846,Normal,StratifiedKFold
4,KNeighborsClassifier,0.5442026182862936,0.1718887173432628,0.26109721300244704,0.8070028620628937,0.23216511386790026,0.06939024390243902,0.1054832875812564,0.7679320003863614,Normal,StratifiedKFold
5,MLPClassifier,0.742836989049583,0.1366640934822753,0.22705871128612296,0.818309920524781,0.3276190476190476,0.04469512195121951,0.07317265331817616,0.7831908625519173,Normal,StratifiedKFold
6,LinearSVC,0.08503357718305682,0.2969704537886356,0.10240262113673673,0.6244691455294816,0.12726164631388512,0.3023780487804878,0.10977321212082788,0.62608905631218,Normal,StratifiedKFold
