,model,mean_train_precision,mean_train_recall,mean_train_f1,mean_train_accuracy,mean_test_precision,mean_test_recall,mean_test_f1,mean_test_accuracy,normalizer,foldingStrat
0,LogisticRegression,0.0,0.0,0.0,0.8142566506004846,0.0,0.0,0.0,0.8142591670814667,Normal,StratifiedKFold
1,SGDClassifier,0.15122610172120318,0.4803002789151979,0.17251199233205108,0.5254676160257605,0.131448809477221,0.4908212560386473,0.18177348000907415,0.5245578231292516,Normal,StratifiedKFold
2,RidgeClassifier,0.0,0.0,0.0,0.8142566506004846,0.0,0.0,0.0,0.8142591670814667,Normal,StratifiedKFold
3,RandomForestClassifier,0.9535583634182097,0.9795317785294643,0.966354673189531,0.9873274899680247,0.2868290043290043,0.030821256038647337,0.054151538445127156,0.8028455284552845,Normal,StratifiedKFold
4,KNeighborsClassifier,0.9959208905525457,0.9485864340395228,0.9716707823349523,0.9897261921100229,0.184728155831097,0.05260869565217391,0.08119508886653222,0.7792201758752282,Normal,StratifiedKFold
5,MLPClassifier,0.6563874111724377,0.13275413922022433,0.21692339047181522,0.8259780126139671,0.20285714285714285,0.03294685990338164,0.054802936506440546,0.7942923510867763,Normal,StratifiedKFold
6,LinearSVC,0.1829336271713767,0.10121951219512196,0.03379820068380558,0.7510889430118254,0.018367346938775512,0.1,0.03103448275862069,0.7509938609590178,Normal,StratifiedKFold
