,model,mean_train_precision,mean_train_recall,mean_train_f1,mean_train_accuracy,mean_test_precision,mean_test_recall,mean_test_f1,mean_test_accuracy,normalizer,foldingStrat
0,LogisticRegression,0.0,0.0,0.0,0.8305499304572613,0.0,0.0,0.0,0.8305525136884022,Normal,StratifiedKFold
1,SGDClassifier,0.14781170755788292,0.26548520499108735,0.1271446620879934,0.6720032200643603,0.1255730380075082,0.2642857142857143,0.11658129256540058,0.6652215032354405,Normal,StratifiedKFold
2,RidgeClassifier,0.0,0.0,0.0,0.8305499304572613,0.0,0.0,0.0,0.8305525136884022,Normal,StratifiedKFold
3,RandomForestClassifier,1.0,0.9997326203208556,0.9998661311914324,0.9999547511312217,0.1,0.0024390243902439024,0.0047619047619047615,0.8305525136884022,Normal,StratifiedKFold
4,KNeighborsClassifier,0.5825183544150326,0.13034438502673798,0.21280113824249464,0.8368408137012509,0.15722943722943722,0.03606271777003484,0.057746309296174525,0.8024506387921022,Normal,StratifiedKFold
5,MLPClassifier,0.686647460151397,0.1664206773618538,0.2637963124526881,0.8456664734354933,0.21731007554536969,0.052555168408826944,0.08206881938079853,0.8065140202422432,Normal,StratifiedKFold
6,LinearSVC,0.1375,0.0010695187165775401,0.0021040139616055847,0.8303688940144083,0.03333333333333333,0.0023809523809523807,0.0044444444444444444,0.8301460096233615,Normal,StratifiedKFold
