,model,train_accuracy,train_f1,train_precision,train_recall,test_accuracy,test_f1,test_precision,test_recall
0,LogisticRegression,0.9742186119074402,0.014990837951423027,0.046485963986783896,0.008936846834066299,0.9742186010547652,0.014857293328590523,0.04450280112044818,0.00896074646074646
1,SGDClassifier,0.9762286451436019,0.013046248221968875,0.01993140982628793,0.010625620655412114,0.9763374829716376,0.012016781540305662,0.021228070175438596,0.008928571428571428
2,RidgeClassifier,0.9780446171362627,0.0,0.0,0.0,0.9780446196226487,0.0,0.0,0.0
3,RandomForestClassifier,1.0,1.0,1.0,1.0,0.9998626527624678,0.9968447167101877,1.0,0.9937339124839125
4,KNeighborsClassifier,0.9799216481236799,0.18320597886224088,0.8573828824334824,0.10257148374079852,0.9790844816216884,0.14220549772195473,0.7307617305295324,0.07952863577863578
5,MLPClassifier,0.9820864483724814,0.4697245449733363,0.7972404776912383,0.40121234690499835,0.9818313955726719,0.4404598523340691,0.7744043710298715,0.37302123552123556
