,model,mean_train_precision,mean_train_recall,mean_train_f1,mean_train_accuracy,mean_test_precision,mean_test_recall,mean_test_f1,mean_test_accuracy,normalizer,foldingStrat
0,LogisticRegression,0.0,0.0,0.0,0.7998244242437165,0.0,0.0,0.0,0.7997950662682908,MinMaxScaler,KFold
1,SGDClassifier,0.12830872039412128,0.11827591981359067,0.06191450047030619,0.7297513367780392,0.07492898913951544,0.11488689809630462,0.05316154130107618,0.7212920401440283,MinMaxScaler,KFold
2,RidgeClassifier,0.0,0.0,0.0,0.7998244242437165,0.0,0.0,0.0,0.7997950662682908,MinMaxScaler,KFold
3,RandomForestClassifier,1.0,1.0,1.0,1.0,0.18365079365079365,0.020559109638503038,0.03616527739580856,0.7866659005592584,MinMaxScaler,KFold
4,KNeighborsClassifier,0.6524693623374497,0.20834173785583335,0.3157594955477928,0.8192922479903908,0.18644791611896874,0.05384680150788242,0.0815121297018705,0.7634394392093771,MinMaxScaler,KFold
5,MLPClassifier,0.8066666666666666,0.006548174053835983,0.012953762464530224,0.8006518406906469,0.1,0.0017543859649122805,0.0034482758620689655,0.7984850226001685,MinMaxScaler,KFold
6,LinearSVC,0.0,0.0,0.0,0.7998244242437165,0.0,0.0,0.0,0.7997950662682908,MinMaxScaler,KFold
