,model,mean_train_precision,mean_train_recall,mean_train_f1,mean_train_accuracy,mean_test_precision,mean_test_recall,mean_test_f1,mean_test_accuracy,normalizer,foldingStrat
0,LogisticRegression,0.0,0.0,0.0,0.8142563843101749,0.0,0.0,0.0,0.8142375974780155,MinMaxScaler,KFold
1,SGDClassifier,0.1049531336779919,0.3839543116059466,0.14823211605659598,0.5913786463849042,0.09969144425850299,0.391439393939394,0.14834305309760554,0.5888153310104529,MinMaxScaler,KFold
2,RidgeClassifier,0.0,0.0,0.0,0.8142563843101749,0.0,0.0,0.0,0.8142375974780155,MinMaxScaler,KFold
3,RandomForestClassifier,0.9557389416228478,0.9785350356281629,0.9669962279729933,0.9875989831806944,0.3303846153846154,0.029189668821744293,0.052156710909750346,0.8044649079143852,MinMaxScaler,KFold
4,KNeighborsClassifier,0.6512780038513248,0.19851851088849787,0.3040159422738421,0.8313643691275304,0.25413335030982087,0.0687014348335103,0.10707011727863969,0.7877600796416128,MinMaxScaler,KFold
5,MLPClassifier,0.7097077922077923,0.043662958135052776,0.08206638495575927,0.8189634342437048,0.2511111111111111,0.018203241203241204,0.03329374660841626,0.8073237099717936,MinMaxScaler,KFold
6,LinearSVC,0.0,0.0,0.0,0.8142563843101749,0.0,0.0,0.0,0.8142375974780155,MinMaxScaler,KFold
