,model,mean_train_precision,mean_train_recall,mean_train_f1,mean_train_accuracy,mean_test_precision,mean_test_recall,mean_test_f1,mean_test_accuracy,normalizer,foldingStrat
0,LogisticRegression,0.0,0.0,0.0,0.7825466852701044,0.0,0.0,0.0,0.7825437822223115,MinMaxScaler,KFold
1,SGDClassifier,0.24617213125106416,0.18922865546442355,0.10540499971998833,0.6921330610329145,0.20834967320261438,0.18894873391448735,0.11065797818529896,0.6977853116411563,MinMaxScaler,KFold
2,RidgeClassifier,0.4,0.00032521234093935657,0.0006498962814714643,0.7826170706299497,0.0,0.0,0.0,0.7825437822223115,MinMaxScaler,KFold
3,RandomForestClassifier,0.870012533886419,0.9774989654803858,0.9206192656809448,0.9633443030192558,0.3065749580424396,0.08214112133418812,0.1287362497527031,0.7591092599650946,MinMaxScaler,KFold
4,KNeighborsClassifier,0.6264188007183306,0.22676270088921813,0.3327852763298918,0.8024319646898872,0.25975329362499555,0.09458934124623015,0.1376523530971229,0.7446914682340668,MinMaxScaler,KFold
5,MLPClassifier,0.6502836616954322,0.044483940166096365,0.08299381390694396,0.7868932351827947,0.45067765567765566,0.02836476581993519,0.052513411758419684,0.7803268370478846,MinMaxScaler,KFold
6,LinearSVC,0.0,0.0,0.0,0.7825466852701044,0.0,0.0,0.0,0.7825437822223115,MinMaxScaler,KFold
