,model,mean_train_precision,mean_train_recall,mean_train_f1,mean_train_accuracy,mean_test_precision,mean_test_recall,mean_test_f1,mean_test_accuracy,normalizer,foldingStrat
0,LogisticRegression,0.0,0.0,0.0,0.8305497870701716,0.0,0.0,0.0,0.8305408992865437,MinMaxScaler,KFold
1,SGDClassifier,0.18262177295624518,0.2263360698696259,0.09069229462620632,0.6968297114437235,0.0904232794017325,0.21852089486151055,0.09260197356991866,0.7036966981914718,MinMaxScaler,KFold
2,RidgeClassifier,0.0,0.0,0.0,0.8305497870701716,0.0,0.0,0.0,0.8305408992865437,MinMaxScaler,KFold
3,RandomForestClassifier,1.0,1.0,1.0,1.0,0.1,0.0018867924528301887,0.0037037037037037034,0.8289115646258504,MinMaxScaler,KFold
4,KNeighborsClassifier,1.0,1.0,1.0,1.0,0.2235181485181485,0.052729211022287635,0.08472426828710693,0.8089563630330181,MinMaxScaler,KFold
5,MLPClassifier,0.6834162061661447,0.15264574774530945,0.24807466950593274,0.8441272130261026,0.24001443001443,0.07017752689909296,0.10754395885756936,0.8122166915546707,MinMaxScaler,KFold
6,LinearSVC,0.0,0.0,0.0,0.8305497870701716,0.0,0.0,0.0,0.8305408992865437,MinMaxScaler,KFold
