,model,mean_train_precision,mean_train_recall,mean_train_f1,mean_train_accuracy,mean_test_precision,mean_test_recall,mean_test_f1,mean_test_accuracy,normalizer,foldingStrat
0,LogisticRegression,0.0,0.0,0.0,0.7998244242437165,0.0,0.0,0.0,0.7997950662682908,MinMaxScaler,KFold
1,SGDClassifier,0.18557700305294916,0.24016393570081646,0.18318458038512647,0.6883681712971189,0.2197755949637382,0.23278959382387523,0.18283911357234622,0.6842430858806404,MinMaxScaler,KFold
2,RidgeClassifier,0.0,0.0,0.0,0.7998244242437165,0.0,0.0,0.0,0.7997950662682908,MinMaxScaler,KFold
3,RandomForestClassifier,1.0,1.0,1.0,1.0,0.3066666666666667,0.01732647530018385,0.03217428235850279,0.7932333563165554,MinMaxScaler,KFold
4,KNeighborsClassifier,0.6169703547456946,0.20765528587442733,0.31061520814728305,0.8154959641978028,0.24813424492604058,0.0906633661281964,0.1311992427715766,0.7647667202941852,MinMaxScaler,KFold
5,MLPClassifier,0.6707536393774783,0.033093263252492816,0.06276084216657575,0.8031340426489646,0.26,0.019878863270655744,0.03666958041958042,0.791907990500268,MinMaxScaler,KFold
6,LinearSVC,0.0,0.0,0.0,0.7998244242437165,0.0,0.0,0.0,0.7997950662682908,MinMaxScaler,KFold
