,model,mean_train_precision,mean_train_recall,mean_train_f1,mean_train_accuracy,mean_test_precision,mean_test_recall,mean_test_f1,mean_test_accuracy,normalizer,foldingStrat
0,LogisticRegression,0.6477380952380952,0.006246545001928047,0.012338201306206635,0.7686736532122131,0.1,0.001639344262295082,0.0032258064516129032,0.7672979429329795,StandardScaler,BalancedKFold
1,SGDClassifier,0.3595768760495651,0.06309153739589801,0.09216999375266788,0.7556448982959614,0.26918238993710686,0.06466979578856774,0.09003203945754328,0.7530922362309225,StandardScaler,BalancedKFold
2,RidgeClassifier,0.575,0.002246037825838096,0.004470713241774049,0.7685117590588038,0.0,0.0,0.0,0.7680265428002655,StandardScaler,BalancedKFold
3,RandomForestClassifier,0.9744623497557152,0.8898805014226856,0.930222157746498,0.9690459328207203,0.3945237360678537,0.07061082649670755,0.11744652644144757,0.758566688785667,StandardScaler,BalancedKFold
4,KNeighborsClassifier,0.6497176508506153,0.23950416867239385,0.349882855631769,0.793517587182842,0.255702199844747,0.0963520769691538,0.13780653586372027,0.7265069674850697,StandardScaler,BalancedKFold
5,MLPClassifier,0.7890588854858749,0.10291608692659482,0.18192336405175588,0.7854253515537517,0.49043650793650795,0.06253997400685125,0.11006359825610335,0.7662110152621102,StandardScaler,BalancedKFold
6,LinearSVC,0.0,0.0,0.0,0.7680262239387903,0.0,0.0,0.0,0.7680265428002655,StandardScaler,BalancedKFold
