,model,mean_train_precision,mean_train_recall,mean_train_f1,mean_train_accuracy,mean_test_precision,mean_test_recall,mean_test_f1,mean_test_accuracy,normalizer,foldingStrat
0,LogisticRegression,0.21666666666666665,0.002998626739633934,0.005896546748598656,0.8150445153196184,0.1,0.00625,0.011764705882352941,0.8156172839506173,StandardScaler,BalancedKFold
1,SGDClassifier,0.28676988805657294,0.10684504538759723,0.13508617435125528,0.767868857414937,0.22642857142857142,0.10271929824561403,0.13577117000646413,0.7773611111111112,StandardScaler,BalancedKFold
2,RidgeClassifier,0.0,0.0,0.0,0.8149069637377753,0.0,0.0,0.0,0.8143827160493828,StandardScaler,BalancedKFold
3,RandomForestClassifier,1.0,1.0,1.0,1.0,0.19166666666666665,0.04684523809523809,0.07491228070175437,0.809398148148148,StandardScaler,BalancedKFold
4,KNeighborsClassifier,1.0,1.0,1.0,1.0,0.3688888888888889,0.11062793200951097,0.16593744242027994,0.8032716049382715,StandardScaler,BalancedKFold
5,MLPClassifier,0.8624198887923933,0.16484389635916324,0.2759999719384036,0.8410334507308372,0.325,0.0496282372598162,0.08366123642439431,0.8094290123456791,StandardScaler,BalancedKFold
6,LinearSVC,0.0,0.0,0.0,0.8155943437580302,0.0,0.0,0.0,0.8156172839506173,StandardScaler,BalancedKFold
