,model,mean_train_precision,mean_train_recall,mean_train_f1,mean_train_accuracy,mean_test_precision,mean_test_recall,mean_test_f1,mean_test_accuracy,normalizer,foldingStrat
0,LogisticRegression,0.07333333333333333,0.0018446456633989376,0.0035930705068795894,0.8028197828252817,0.0,0.0,0.0,0.801923076923077,StandardScaler,BalancedKFold
1,SGDClassifier,0.24854645061069408,0.2062231184776407,0.21877151657400634,0.7251366580636388,0.2135097107316787,0.20294834087481145,0.2028397372025268,0.7144409937888199,StandardScaler,BalancedKFold
2,RidgeClassifier,0.0,0.0,0.0,0.8034274640579684,0.0,0.0,0.0,0.8030219780219781,StandardScaler,BalancedKFold
3,RandomForestClassifier,1.0,1.0,1.0,1.0,0.38333333333333336,0.032803418803418805,0.05742174492174492,0.7975871954132824,StandardScaler,BalancedKFold
4,KNeighborsClassifier,0.6893071815727858,0.2534537708755375,0.36944579123829846,0.8315114721820649,0.3963888888888889,0.11151043237807942,0.164820431140866,0.7801361681796464,StandardScaler,BalancedKFold
5,MLPClassifier,0.825087577474803,0.10099847773308482,0.17887195658221647,0.8193538564329067,0.44333333333333336,0.06895487682252388,0.11472582972582974,0.8063186813186813,StandardScaler,BalancedKFold
6,LinearSVC,0.0,0.0,0.0,0.8041570954285697,0.0,0.0,0.0,0.8041208791208792,StandardScaler,BalancedKFold
