,model,mean_train_precision,mean_train_recall,mean_train_f1,mean_train_accuracy,mean_test_precision,mean_test_recall,mean_test_f1,mean_test_accuracy,normalizer,foldingStrat
0,LogisticRegression,0.75,0.005074729035810993,0.010074758825872287,0.786062802649951,0.1,0.005,0.009523809523809523,0.7851290014333492,StandardScaler,BalancedKFold
1,SGDClassifier,0.25766235130120513,0.19483378920258024,0.20505462704846233,0.7059001515106503,0.24159642988590355,0.1884895028245412,0.19074853371405093,0.707214524605829,StandardScaler,BalancedKFold
2,RidgeClassifier,0.8,0.0045370946272088415,0.009022965965188624,0.786062802649951,0.1,0.005,0.009523809523809523,0.7862159579550884,StandardScaler,BalancedKFold
3,RandomForestClassifier,0.9915010286338072,0.9920491606491177,0.9917629393209015,0.9964668310507709,0.41666666666666663,0.027647761445715412,0.050523420829267904,0.7796225513616818,StandardScaler,BalancedKFold
4,KNeighborsClassifier,0.6797135943724465,0.22016062730356847,0.33159430652766686,0.8101855262766999,0.3156349206349206,0.09362697085523172,0.13327284643923015,0.7565456282847587,StandardScaler,BalancedKFold
5,MLPClassifier,0.9067960535581303,0.14005357963956352,0.24104237003095502,0.8116464157333413,0.2816666666666666,0.04524068322981366,0.07550251502883082,0.7774128045867176,StandardScaler,BalancedKFold
6,LinearSVC,0.8,0.0045370946272088415,0.009022965965188624,0.786062802649951,0.1,0.005,0.009523809523809523,0.7862159579550884,StandardScaler,BalancedKFold
