,model,mean_train_precision,mean_train_recall,mean_train_f1,mean_train_accuracy,mean_test_precision,mean_test_recall,mean_test_f1,mean_test_accuracy,normalizer,foldingStrat
0,LogisticRegression,0.0,0.0,0.0,0.9480635277785712,0.0,0.0,0.0,0.9480635544666063,MinMaxScaler,StratifiedKFold
1,SGDClassifier,0.016553074494371954,0.08927294398092969,0.025821053925688776,0.895682302450193,0.01227648292021211,0.07741935483870968,0.019509482876245054,0.8924945423153003,MinMaxScaler,StratifiedKFold
2,RidgeClassifier,0.0,0.0,0.0,0.9480635277785712,0.0,0.0,0.0,0.9480635544666063,MinMaxScaler,StratifiedKFold
3,RandomForestClassifier,0.07074192497969813,0.6794223148935685,0.12814072880117772,0.5198167276973715,0.06987464903071783,0.6705902539464654,0.12655036808323358,0.5185279001810429,MinMaxScaler,StratifiedKFold
4,KNeighborsClassifier,0.0,0.0,0.0,0.9480635277785712,0.0,0.0,0.0,0.9480635544666063,MinMaxScaler,StratifiedKFold
5,MLPClassifier,0.0,0.0,0.0,0.9480635277785712,0.0,0.0,0.0,0.9480635544666063,MinMaxScaler,StratifiedKFold
6,LinearSVC,0.0,0.0,0.0,0.9480635277785712,0.0,0.0,0.0,0.9480635544666063,MinMaxScaler,StratifiedKFold
