,model,train_accuracy,train_f1,train_precision,train_recall,test_accuracy,test_f1,test_precision,test_recall
0,LogisticRegression,0.9593386936605054,0.0,0.0,0.0,0.9593385650224213,0.0,0.0,0.0
1,SGDClassifier,0.9467767587187452,0.10028798806292331,0.18034836583071231,0.1284878056441426,0.9468774023062142,0.08232911800771356,0.10609397605106985,0.1142541625041625
2,RidgeClassifier,0.9593386690190994,0.0,0.0,0.0,0.9593365631005766,0.0,0.0,0.0
3,RandomForestClassifier,0.9959735794845506,0.9478315726730575,1.0,0.9008963604624999,0.9865484865470852,0.7976231524079449,0.9275554445554443,0.7158653013653011
4,KNeighborsClassifier,0.9874540696513983,0.8326162914247586,0.9149105452165516,0.7665699876731463,0.9846738869314541,0.7772528607937645,0.8793192640692638,0.7173580716668948
5,MLPClassifier,0.9735478203444378,0.5960495743894412,0.7897141910068971,0.4823472524102597,0.9722966047405509,0.5610678962345741,0.770345238095238,0.46414520691726563
