,model,mean_train_accuracy,mean_train_f1,mean_train_precision,mean_train_recall,mean_test_accuracy,mean_test_f1,mean_test_precision,mean_test_recall,normalizer,foldingStrat
0,LogisticRegression,,,,,,,,,Normal,StratifiedKFold
1,SGDClassifier,0.9275631869339064,0.017786146632084564,0.019900385311767937,0.044121698683595785,0.9281375384984885,0.016870587846140164,0.014151966877796839,0.045056022408963586,Normal,StratifiedKFold
2,RandomForestClassifier,0.9998892901772243,0.9987917481488247,1.0,0.9975920314947646,0.9540324517532707,0.0,0.0,0.0,Normal,StratifiedKFold
3,KNeighborsClassifier,0.9769496457586365,0.5106303777430885,0.7188095238095238,0.5054564473575728,0.952172074114888,0.0,0.0,0.0,Normal,StratifiedKFold
4,MLPClassifier,0.9540633214835249,0.004137556893643302,0.19518759018759022,0.0021057199915720816,0.953884815348535,0.0,0.0,0.0,Normal,StratifiedKFold
5,LinearSVC,,,,,,,,,Normal,StratifiedKFold
6,OneClassSVM,,,,,,,,,Normal,StratifiedKFold
