,model,mean_train_precision,mean_train_recall,mean_train_f1,mean_train_accuracy,mean_test_precision,mean_test_recall,mean_test_f1,mean_test_accuracy,normalizer,foldingStrat
0,LogisticRegression,0.0,0.0,0.0,0.9152359305559404,0.0,0.0,0.0,0.9152262664596631,MinMaxScaler,BalancedKFold
1,SGDClassifier,0.04318096621753351,0.27067793317793315,0.06887692859418057,0.7332400854866692,0.05242132985117085,0.2719047619047619,0.08276447876447876,0.742059111034443,MinMaxScaler,BalancedKFold
2,RidgeClassifier,0.0,0.0,0.0,0.9152359305559404,0.0,0.0,0.0,0.9152262664596631,MinMaxScaler,BalancedKFold
3,RandomForestClassifier,0.12373426944453073,0.6202246785295229,0.20629236722365377,0.5954941460679188,0.1232014291710722,0.6097985347985349,0.20393904902691493,0.594468403197056,MinMaxScaler,BalancedKFold
4,KNeighborsClassifier,0.0,0.0,0.0,0.9152359305559404,0.0,0.0,0.0,0.9152262664596631,MinMaxScaler,BalancedKFold
5,MLPClassifier,0.02682558132336635,0.21071428571428572,0.04475231525189842,0.7405090820701875,0.02710309930423782,0.2,0.04404392892611016,0.7441952734172848,MinMaxScaler,BalancedKFold
6,LinearSVC,0.0,0.0,0.0,0.9152359305559404,0.0,0.0,0.0,0.9152262664596631,MinMaxScaler,BalancedKFold
