,model,mean_train_accuracy,mean_train_f1,mean_train_precision,mean_train_recall,mean_test_accuracy,mean_test_f1,mean_test_precision,mean_test_recall,normalizer,foldingStrat
0,LogisticRegression,,,,,,,,,MinMaxScaler,BalancedKFold
1,SGDClassifier,0.8517299655129852,0.03191790778108585,0.02500183552841312,0.09824965245577699,0.8532028060491058,0.03688303138303138,0.029653263796544132,0.10110500610500611,MinMaxScaler,BalancedKFold
2,RandomForestClassifier,0.5954941460679188,0.20629236722365377,0.12373426944453073,0.6202246785295229,0.594468403197056,0.20393904902691493,0.1232014291710722,0.6097985347985349,MinMaxScaler,BalancedKFold
3,KNeighborsClassifier,0.9152359305559404,0.0,0.0,0.0,0.9152262664596631,0.0,0.0,0.0,MinMaxScaler,BalancedKFold
4,MLPClassifier,0.9034505138463338,0.003697293895531781,0.0021960011487537016,0.01567164179104478,0.9029689686236176,0.003660621221596831,0.0022303810714697455,0.014351851851851853,MinMaxScaler,BalancedKFold
5,LinearSVC,,,,,,,,,MinMaxScaler,BalancedKFold
6,OneClassSVM,,,,,,,,,MinMaxScaler,BalancedKFold
