,model,mean_train_accuracy,mean_train_f1,mean_train_precision,mean_train_recall,mean_test_accuracy,mean_test_f1,mean_test_precision,mean_test_recall,normalizer,foldingStrat
0,LogisticRegression,,,,,,,,,MinMaxScaler,BalancedKFold
1,SGDClassifier,0.8517299655129852,0.03191790778108585,0.02500183552841312,0.09824965245577699,0.8532028060491058,0.03688303138303138,0.029653263796544132,0.10110500610500611,MinMaxScaler,BalancedKFold
2,RandomForestClassifier,0.5954941460679188,0.20629236722365377,0.12373426944453073,0.6202246785295229,0.594468403197056,0.20393904902691493,0.1232014291710722,0.6097985347985349,MinMaxScaler,BalancedKFold
3,KNeighborsClassifier,0.9152359305559404,0.0,0.0,0.0,0.9152262664596631,0.0,0.0,0.0,MinMaxScaler,BalancedKFold
4,MLPClassifier,0.8968407316828748,0.004357915262967523,0.003059947364069057,0.022276079211202258,0.8959337205067757,0.0029485365804266003,0.0015835352382477992,0.02142857142857143,MinMaxScaler,BalancedKFold
5,LinearSVC,,,,,,,,,MinMaxScaler,BalancedKFold
6,OneClassSVM,,,,,,,,,MinMaxScaler,BalancedKFold
