,model,mean_train_precision,mean_train_recall,mean_train_f1,mean_train_accuracy,mean_test_precision,mean_test_recall,mean_test_f1,mean_test_accuracy,normalizer,foldingStrat
0,LogisticRegression,0.0,0.0,0.0,0.9270384995625454,0.0,0.0,0.0,0.9270283479960899,MinMaxScaler,BalancedKFold
1,SGDClassifier,0.03420954511558538,0.028260334645669294,0.029942028985507248,0.9181588809689817,0.01764705882352941,0.03333333333333333,0.023076923076923078,0.9135874877810363,MinMaxScaler,BalancedKFold
2,RidgeClassifier,0.0,0.0,0.0,0.9270384995625454,0.0,0.0,0.0,0.9270283479960899,MinMaxScaler,BalancedKFold
3,RandomForestClassifier,0.11135275362218397,0.632921267304521,0.1893505021612631,0.6046124635128709,0.10840497545269363,0.6003907663543886,0.1818708719363147,0.6024869185210742,MinMaxScaler,BalancedKFold
4,KNeighborsClassifier,0.0,0.0,0.0,0.9269192745146956,0.0,0.0,0.0,0.9270283479960899,MinMaxScaler,BalancedKFold
5,MLPClassifier,0.018472125396361345,0.14724409448818898,0.031613004810012134,0.816773560539672,0.011459293394777265,0.12222222222222223,0.02090487529765635,0.8089385314243,MinMaxScaler,BalancedKFold
6,LinearSVC,0.0,0.0,0.0,0.9270384995625454,0.0,0.0,0.0,0.9270283479960899,MinMaxScaler,BalancedKFold
