,model,train_accuracy,train_f1,train_precision,train_recall,test_accuracy,test_f1,test_precision,test_recall
0,LogisticRegression,0.9593387478715986,0.0,0.0,0.0,0.9593429692504805,0.0,0.0,0.0
1,SGDClassifier,0.9398337444341225,0.11743699782642528,0.34199494630993305,0.1657011499731295,0.9396300448430495,0.07001044932079414,0.0738095238095238,0.11393939393939394
2,RidgeClassifier,0.9593387478715986,0.0,0.0,0.0,0.9593429692504805,0.0,0.0,0.0
3,RandomForestClassifier,0.9959785964748005,0.9479697940627638,1.0,0.9011633035985245,0.9857022741832159,0.7861604136604136,0.9125,0.7153030303030303
4,KNeighborsClassifier,0.987339886304553,0.8334082010355324,0.9066745887388633,0.7745881122241518,0.9843629884689301,0.7719581344581344,0.8937820512820511,0.716969696969697
5,MLPClassifier,0.9736866253840978,0.6074376736661382,0.7748904511796614,0.5006694568665673,0.9731962684176809,0.5879922854922854,0.7552272727272727,0.49901515151515163
