,model,mean_train_precision,mean_train_recall,mean_train_f1,mean_train_accuracy,mean_test_precision,mean_test_recall,mean_test_f1,mean_test_accuracy,normalizer,foldingStrat
0,LogisticRegression,0.0,0.0,0.0,0.9760222461625027,0.0,0.0,0.0,0.9752661064425772,Normal,BalancedKFold
1,SGDClassifier,0.0,0.0,0.0,0.9754983428598877,0.0,0.0,0.0,0.9752521008403361,Normal,BalancedKFold
2,RidgeClassifier,0.0,0.0,0.0,0.9764154309593571,0.0,0.0,0.0,0.9764425770308124,Normal,BalancedKFold
3,RandomForestClassifier,1.0,1.0,1.0,1.0,0.0,0.0,0.0,0.9764425770308124,Normal,BalancedKFold
4,KNeighborsClassifier,1.0,1.0,1.0,1.0,0.2,0.075,0.10666666666666666,0.9752521008403363,Normal,BalancedKFold
5,MLPClassifier,0.8777777777777777,0.3001977984176126,0.4354494949494949,0.9824420344053852,0.0,0.0,0.0,0.9693417366946777,Normal,BalancedKFold
6,LinearSVC,0.0023591087811271295,0.1,0.0046094750320102434,0.8811336485216114,0.002352941176470588,0.1,0.004597701149425288,0.8811484593837535,Normal,BalancedKFold
