,model,mean_train_precision,mean_train_recall,mean_train_f1,mean_train_accuracy,mean_test_precision,mean_test_recall,mean_test_f1,mean_test_accuracy,normalizer,foldingStrat
0,LogisticRegression,0.0,0.0,0.0,0.9702570797279957,0.0,0.0,0.0,0.9693557422969187,Normal,BalancedKFold
1,SGDClassifier,0.01111111111111111,0.008333333333333333,0.009523809523809525,0.9667203035688553,0.03333333333333333,0.05,0.04,0.9693417366946779,Normal,BalancedKFold
2,RidgeClassifier,0.0,0.0,0.0,0.9705190313793033,0.0,0.0,0.0,0.970532212885154,Normal,BalancedKFold
3,RandomForestClassifier,1.0,1.0,1.0,1.0,0.0,0.0,0.0,0.9693557422969187,Normal,BalancedKFold
4,KNeighborsClassifier,1.0,1.0,1.0,1.0,0.2,0.06999999999999999,0.1,0.9693557422969186,Normal,BalancedKFold
5,MLPClassifier,0.839047619047619,0.28721221532091096,0.42306977617829544,0.9772014574598753,0.1,0.02,0.03333333333333334,0.9658263305322128,Normal,BalancedKFold
6,LinearSVC,0.0027522935779816515,0.1,0.005357142857142857,0.8760236185352666,0.004705882352941176,0.1,0.00898876404494382,0.8799439775910365,Normal,BalancedKFold
