,model,mean_train_accuracy,mean_train_f1,mean_train_precision,mean_train_recall,mean_test_accuracy,mean_test_f1,mean_test_precision,mean_test_recall,normalizer,foldingStrat
0,LogisticRegression,,,,,,,,,Normal,BalancedKFold
1,SGDClassifier,0.9672947559349404,0.002577457264957265,0.0015878189607003166,0.011842105263157895,0.9643650793650793,0.0,0.0,0.0,Normal,BalancedKFold
2,RandomForestClassifier,1.0,1.0,1.0,1.0,0.9764425770308124,0.0,0.0,0.0,Normal,BalancedKFold
3,KNeighborsClassifier,0.9886007287299377,0.5892233201581027,0.705,0.5571646026831786,0.9740756302521009,0.05333333333333333,0.1,0.0375,Normal,BalancedKFold
4,MLPClassifier,0.9778130591942494,0.11386415492703524,0.28851290684624015,0.0757142242862057,0.9750000000000001,0.012962962962962963,0.022222222222222223,0.00925925925925926,Normal,BalancedKFold
5,LinearSVC,,,,,,,,,Normal,BalancedKFold
6,OneClassSVM,,,,,,,,,Normal,BalancedKFold
