,model,mean_train_precision,mean_train_recall,mean_train_f1,mean_train_accuracy,mean_test_precision,mean_test_recall,mean_test_f1,mean_test_accuracy,normalizer,foldingStrat
0,LogisticRegression,0.0,0.0,0.0,0.7998244242437165,0.0,0.0,0.0,0.7993583850455834,RobustScaler,KFold
1,SGDClassifier,0.15589052819899069,0.23478558535663524,0.17692071931616318,0.6586787634122013,0.17048735352490257,0.24235595531236923,0.19138859344068815,0.6671646364820348,RobustScaler,KFold
2,RidgeClassifier,0.0,0.0,0.0,0.7998244242437165,0.0,0.0,0.0,0.7997950662682908,RobustScaler,KFold
3,RandomForestClassifier,1.0,1.0,1.0,1.0,0.1765079365079365,0.020559109638503038,0.03598436378205913,0.7857887075768023,RobustScaler,KFold
4,KNeighborsClassifier,0.6584962849396208,0.163276701210544,0.26146965943942513,0.8154471128674213,0.1816580478345184,0.04980638130844767,0.07649447060256745,0.76475139814602,RobustScaler,KFold
5,MLPClassifier,0.7045538291592073,0.09602923068617088,0.16854702272023508,0.8109208546850605,0.25742424242424244,0.031750422725589034,0.05490886229869776,0.7805255496820654,RobustScaler,KFold
6,LinearSVC,0.0,0.0,0.0,0.7998244242437165,0.0,0.0,0.0,0.7997950662682908,RobustScaler,KFold
