,model,mean_train_precision,mean_train_recall,mean_train_f1,mean_train_accuracy,mean_test_precision,mean_test_recall,mean_test_f1,mean_test_accuracy,normalizer,foldingStrat
0,LogisticRegression,0.0,0.0,0.0,0.948063523178026,0.0,0.0,0.0,0.9480631818224164,StandardScaler,KFold
1,SGDClassifier,0.1026921594569341,0.04752938044146096,0.028191950584210552,0.920083039840913,0.05322630528512882,0.04596878174830655,0.031527162860193955,0.9193638342602857,StandardScaler,KFold
2,RidgeClassifier,0.0,0.0,0.0,0.948063523178026,0.0,0.0,0.0,0.9480631818224164,StandardScaler,KFold
3,RandomForestClassifier,0.07067031671653577,0.6820467010279136,0.12806901328405965,0.5176495212653492,0.06971028308667954,0.6729914911818151,0.1262897331899637,0.5168031476012583,StandardScaler,KFold
4,KNeighborsClassifier,0.0,0.0,0.0,0.948063523178026,0.0,0.0,0.0,0.9480631818224164,StandardScaler,KFold
5,MLPClassifier,0.019105691056910568,0.00035756954869614816,0.0006973456049086302,0.9469366299817915,0.01111111111111111,0.001098901098901099,0.002,0.94678131686246,StandardScaler,KFold
6,LinearSVC,0.0,0.0,0.0,0.948063523178026,0.0,0.0,0.0,0.9480631818224164,StandardScaler,KFold
