,model,mean_train_precision,mean_train_recall,mean_train_f1,mean_train_accuracy,mean_test_precision,mean_test_recall,mean_test_f1,mean_test_accuracy,normalizer,foldingStrat
0,LogisticRegression,0.0,0.0,0.0,0.8013764761708643,0.0,0.0,0.0,0.8013667535979909,Normalizer,KFold
1,SGDClassifier,0.15752067049848653,0.42404413079316505,0.18639342503934384,0.5628984131816053,0.14729219945897584,0.43011162750293186,0.1911490984524726,0.5760335168550178,Normalizer,KFold
2,RidgeClassifier,0.0,0.0,0.0,0.8013764761708643,0.0,0.0,0.0,0.8013667535979909,Normalizer,KFold
3,RandomForestClassifier,1.0,0.9997326203208555,0.9998661311914324,0.9999453850354996,0.28,0.025658150087037333,0.04523373141131007,0.7949676422293056,Normalizer,KFold
4,KNeighborsClassifier,0.6656181501897318,0.20326130850214078,0.3111327431770111,0.8215340836175997,0.25473665223665226,0.08111253669353495,0.11984926917286369,0.7718632280498406,Normalizer,KFold
5,MLPClassifier,0.5957416834971015,0.02896137377111705,0.055078751504027024,0.8032883580592886,0.20833333333333331,0.01005270092226614,0.018838383838383838,0.7944726166328601,Normalizer,KFold
6,LinearSVC,0.0,0.0,0.0,0.8013764761708643,0.0,0.0,0.0,0.8013667535979909,Normalizer,KFold
