,model,mean_train_precision,mean_train_recall,mean_train_f1,mean_train_accuracy,mean_test_precision,mean_test_recall,mean_test_f1,mean_test_accuracy,normalizer,foldingStrat
0,LogisticRegression,0.0,0.0,0.0,0.7998244242437165,0.0,0.0,0.0,0.7997950662682908,Normalizer,KFold
1,SGDClassifier,0.163578057754188,0.42595189981486403,0.17605348113836455,0.5530785340810288,0.1259053564924386,0.42539701996872586,0.1619612569958671,0.5369838351336857,Normalizer,KFold
2,RidgeClassifier,0.0,0.0,0.0,0.7998244242437165,0.0,0.0,0.0,0.7997950662682908,Normalizer,KFold
3,RandomForestClassifier,1.0,0.9997630331753555,0.9998813760379598,0.9999513145082766,0.33499999999999996,0.024967919335804823,0.04538499274569238,0.791486631425726,Normalizer,KFold
4,KNeighborsClassifier,0.5647789966403716,0.1562204451200757,0.2445635597590139,0.8069789882420391,0.16652777777777777,0.04971253760352385,0.07492163019368699,0.7652034015168927,Normalizer,KFold
5,MLPClassifier,0.057477819105888506,0.212292654028436,0.08739373302977879,0.6660423788844744,0.05560053981106612,0.21037593984962405,0.08629442337406938,0.6656937102581781,Normalizer,KFold
6,LinearSVC,0.0,0.0,0.0,0.7998244242437165,0.0,0.0,0.0,0.7997950662682908,Normalizer,KFold
