,model,mean_train_precision,mean_train_recall,mean_train_f1,mean_train_accuracy,mean_test_precision,mean_test_recall,mean_test_f1,mean_test_accuracy,normalizer,foldingStrat
0,LogisticRegression,0.0,0.0,0.0,0.8305497870701716,0.0,0.0,0.0,0.8305408992865437,Normalizer,KFold
1,SGDClassifier,0.033629573608958706,0.19919786096256684,0.057543444228307504,0.6982123726671432,0.08625684420109507,0.2018867924528302,0.06499481112494812,0.7030545876887341,Normalizer,KFold
2,RidgeClassifier,0.0,0.0,0.0,0.8305497870701716,0.0,0.0,0.0,0.8305408992865437,Normalizer,KFold
3,RandomForestClassifier,1.0,1.0,1.0,1.0,0.1,0.002325581395348837,0.004545454545454545,0.8285034013605441,Normalizer,KFold
4,KNeighborsClassifier,1.0,1.0,1.0,1.0,0.1865079365079365,0.041359686149033056,0.06746230542447307,0.8105774016923842,Normalizer,KFold
5,MLPClassifier,0.7112873237873238,0.021620418239082662,0.04183235208997381,0.8324959390727772,0.21666666666666665,0.008901790033865506,0.01702090592334495,0.8276903932304629,Normalizer,KFold
6,LinearSVC,0.0,0.0,0.0,0.8305497870701716,0.0,0.0,0.0,0.8305408992865437,Normalizer,KFold
