,model,mean_train_precision,mean_train_recall,mean_train_f1,mean_train_accuracy,mean_test_precision,mean_test_recall,mean_test_f1,mean_test_accuracy,normalizer,foldingStrat
0,LogisticRegression,0.0,0.0,0.0,0.7825466852701044,0.0,0.0,0.0,0.7825437822223115,Normalizer,KFold
1,SGDClassifier,0.15640927512639227,0.4214290265577912,0.19128696423707825,0.5440474325726028,0.13448891158726847,0.4329318439520701,0.19138438140841635,0.5369034484142109,Normalizer,KFold
2,RidgeClassifier,0.0,0.0,0.0,0.7825466852701044,0.0,0.0,0.0,0.7825437822223115,Normalizer,KFold
3,RandomForestClassifier,0.8700787602212937,0.977587210986487,0.9206966343745753,0.9633795018928917,0.3009431266240729,0.07881962725804845,0.12410035608012196,0.7597431743866476,Normalizer,KFold
4,KNeighborsClassifier,0.5791964974814994,0.1914697743456316,0.2873642941541331,0.793862011372525,0.21843283698962973,0.07906687166994124,0.11518764938077934,0.7378854139501294,Normalizer,KFold
5,MLPClassifier,0.6750727050727051,0.008331708552554256,0.016399617671922283,0.7832857872918997,0.09,0.0022843822843822844,0.004434859544348596,0.7808017713494755,Normalizer,KFold
6,LinearSVC,0.0,0.0,0.0,0.7825466852701044,0.0,0.0,0.0,0.7825437822223115,Normalizer,KFold
