,RIAGENDR,RIDAGEYR,RIDRETH1,BMXBMI,DIQ010,SMQ020,KIQ022
count,921.0,921.0,921.0,921.0,921.0,921.0,921.0
mean,1.5450597176981542,47.845819761129206,3.1172638436482085,28.263952225841475,2.0,1.6047774158523345,2.0
std,0.4982360424925276,17.845353383946012,1.285933726437379,5.8031478727064805,0.0,0.4891640822009408,0.0
min,1.0,20.0,1.0,15.5,2.0,1.0,2.0
25%,1.0,32.0,2.0,24.1,2.0,1.0,2.0
50%,2.0,47.0,3.0,27.7,2.0,2.0,2.0
75%,2.0,63.0,4.0,31.7,2.0,2.0,2.0
max,2.0,80.0,5.0,45.0,2.0,2.0,2.0
