,model,mean_train_precision,mean_train_recall,mean_train_f1,mean_train_accuracy,mean_test_precision,mean_test_recall,mean_test_f1,mean_test_accuracy,normalizer,foldingStrat
0,LogisticRegression,0.0,0.0,0.0,0.8142566506004846,0.0,0.0,0.0,0.8142591670814667,MinMaxScaler,StratifiedKFold
1,SGDClassifier,0.11877201117774865,0.28492077621506146,0.12747190912852527,0.6511066205916151,0.24613578673255293,0.27328502415458933,0.124654589611496,0.6524705491952878,MinMaxScaler,StratifiedKFold
2,RidgeClassifier,0.0,0.0,0.0,0.8142566506004846,0.0,0.0,0.0,0.8142591670814667,MinMaxScaler,StratifiedKFold
3,RandomForestClassifier,0.9535583634182097,0.9795317785294643,0.966354673189531,0.9873274899680247,0.2868290043290043,0.030821256038647337,0.054151538445127156,0.8028455284552845,MinMaxScaler,StratifiedKFold
4,KNeighborsClassifier,0.6597267783497689,0.19930864637113524,0.30588491003175544,0.8321340710257707,0.2432977806507218,0.07028985507246376,0.1082488792528653,0.7881898125103699,MinMaxScaler,StratifiedKFold
5,MLPClassifier,0.6787945040440503,0.042642573141059875,0.07989652730556099,0.8183300525001588,0.17833333333333332,0.013140096618357489,0.024267939581724667,0.8036668325866932,MinMaxScaler,StratifiedKFold
6,LinearSVC,0.0,0.0,0.0,0.8142566506004846,0.0,0.0,0.0,0.8142591670814667,MinMaxScaler,StratifiedKFold
