,model,mean_train_precision,mean_train_recall,mean_train_f1,mean_train_accuracy,mean_test_precision,mean_test_recall,mean_test_f1,mean_test_accuracy,normalizer,foldingStrat
0,LogisticRegression,0.1,8.090614886731392e-05,0.00016168148746968473,0.7825643218692033,0.0,0.0,0.0,0.7825470420670424,MinMaxScaler,StratifiedKFold
1,SGDClassifier,0.4523603727106071,0.2960145696579013,0.16141270494505672,0.6363401582481403,0.23843950655671442,0.2877604993123876,0.15479808228053132,0.6321368031454994,MinMaxScaler,StratifiedKFold
2,RidgeClassifier,0.6,0.0004856334263590268,0.0009704813556129377,0.7826523128595799,0.0,0.0,0.0,0.7825470420670424,MinMaxScaler,StratifiedKFold
3,RandomForestClassifier,0.8670562261607723,0.97944440077041,0.9198237524873079,0.962869130612596,0.2989157098232538,0.08377234740294087,0.13043849168292174,0.7570455274930289,MinMaxScaler,StratifiedKFold
4,KNeighborsClassifier,0.6263703585070522,0.22481113163790728,0.3307338787591905,0.8022031936892502,0.2542531107688915,0.0917750978525336,0.1346437655709976,0.7435831210254971,MinMaxScaler,StratifiedKFold
5,MLPClassifier,0.6882322925669699,0.019017203202180206,0.036969709617548877,0.7847464135766694,0.4591269841269841,0.01530730984872527,0.029349425993598428,0.7823885634616541,MinMaxScaler,StratifiedKFold
6,LinearSVC,0.0,0.0,0.0,0.782546725529242,0.0,0.0,0.0,0.7825470420670424,MinMaxScaler,StratifiedKFold
