,model,mean_train_precision,mean_train_recall,mean_train_f1,mean_train_accuracy,mean_test_precision,mean_test_recall,mean_test_f1,mean_test_accuracy,normalizer,foldingStrat
0,LogisticRegression,0.0,0.0,0.0,0.8305499304572613,0.0,0.0,0.0,0.8305525136884022,MinMaxScaler,StratifiedKFold
1,SGDClassifier,0.2590622767234361,0.32669376114081994,0.16836842933179913,0.6361473527670636,0.22326781333893825,0.2931475029036005,0.1575635344598989,0.6364045130247221,MinMaxScaler,StratifiedKFold
2,RidgeClassifier,0.0,0.0,0.0,0.8305499304572613,0.0,0.0,0.0,0.8305525136884022,MinMaxScaler,StratifiedKFold
3,RandomForestClassifier,1.0,0.9997326203208556,0.9998661311914324,0.9999547511312217,0.1,0.0024390243902439024,0.0047619047619047615,0.8301460096233615,MinMaxScaler,StratifiedKFold
4,KNeighborsClassifier,1.0,1.0,1.0,1.0,0.24822802197802196,0.06283391405342624,0.09862387024239769,0.8102024224323875,MinMaxScaler,StratifiedKFold
5,MLPClassifier,0.6621981038706972,0.1533204991087344,0.2477792647881542,0.8431317788807202,0.23988731856378917,0.06492450638792102,0.10108280460772959,0.803271942923511,MinMaxScaler,StratifiedKFold
6,LinearSVC,0.0,0.0,0.0,0.8305499304572613,0.0,0.0,0.0,0.8305525136884022,MinMaxScaler,StratifiedKFold
