,model,mean_train_precision,mean_train_recall,mean_train_f1,mean_train_accuracy,mean_test_precision,mean_test_recall,mean_test_f1,mean_test_accuracy,normalizer,foldingStrat
0,LogisticRegression,0.0,0.0,0.0,0.799824803303506,0.0,0.0,0.0,0.799825710564621,MinMaxScaler,StratifiedKFold
1,SGDClassifier,0.12022660011021953,0.1408268962747738,0.08731461201697335,0.7206234822801394,0.13015790386951243,0.13299516908212558,0.0793443660698137,0.7176262161955107,MinMaxScaler,StratifiedKFold
2,RidgeClassifier,0.0,0.0,0.0,0.799824803303506,0.0,0.0,0.0,0.799825710564621,MinMaxScaler,StratifiedKFold
3,RandomForestClassifier,1.0,0.9997572815533982,0.9998784933171324,0.9999513381995133,0.29,0.030531400966183574,0.054857265983316396,0.7910576112771011,MinMaxScaler,StratifiedKFold
4,KNeighborsClassifier,0.612844233385761,0.20666383199867716,0.3089311576722741,0.8150093935754106,0.26513381439532335,0.08975845410628018,0.1325538919069355,0.7656496590822033,MinMaxScaler,StratifiedKFold
5,MLPClassifier,0.6964801839555251,0.05372995062953252,0.09955869171892204,0.8059083575576229,0.36751082251082245,0.041594202898550724,0.07219983087574651,0.7906266758599555,MinMaxScaler,StratifiedKFold
6,LinearSVC,0.0,0.0,0.0,0.799824803303506,0.0,0.0,0.0,0.799825710564621,MinMaxScaler,StratifiedKFold
