,model,mean_train_precision,mean_train_recall,mean_train_f1,mean_train_accuracy,mean_test_precision,mean_test_recall,mean_test_f1,mean_test_accuracy,normalizer,foldingStrat
0,LogisticRegression,0.0,0.0,0.0,0.8013766552363217,0.0,0.0,0.0,0.8013812421520333,MinMaxScaler,StratifiedKFold
1,SGDClassifier,0.09024655556002306,0.20160824024460386,0.11127906166974308,0.6949626797742582,0.0999603576248313,0.2004878048780488,0.11166075501936956,0.6947116777745582,MinMaxScaler,StratifiedKFold
2,RidgeClassifier,0.0,0.0,0.0,0.8013766552363217,0.0,0.0,0.0,0.8008886313145949,MinMaxScaler,StratifiedKFold
3,RandomForestClassifier,1.0,0.999174310537947,0.9995865863491913,0.9998360954180134,0.2833333333333333,0.017439024390243904,0.03277962347729789,0.8004056795131846,MinMaxScaler,StratifiedKFold
4,KNeighborsClassifier,0.595862113362476,0.1927905427905428,0.2911601092113644,0.8136677679192296,0.25086726998491704,0.06670731707317072,0.10294343861167402,0.7689220515792523,MinMaxScaler,StratifiedKFold
5,MLPClassifier,0.6639445379744033,0.1353192262283171,0.22403851442893158,0.814596550602406,0.30121933621933616,0.06670731707317074,0.10799261826438655,0.7822104703950545,MinMaxScaler,StratifiedKFold
6,LinearSVC,0.0,0.0,0.0,0.8013766552363217,0.0,0.0,0.0,0.8013812421520333,MinMaxScaler,StratifiedKFold
