,model,mean_train_accuracy,mean_train_f1,mean_train_precision,mean_train_recall,mean_test_accuracy,mean_test_f1,mean_test_precision,mean_test_recall,normalizer,foldingStrat
0,LogisticRegression,,,,,,,,,Normalizer,BalancedKFold
1,SGDClassifier,0.8534597888798626,0.03700944561101912,0.023798036872988527,0.10494119115102347,0.8571186245759299,0.04457407407407408,0.03060803397990101,0.10429131054131054,Normalizer,BalancedKFold
2,RandomForestClassifier,0.5906657626174215,0.2060115757457759,0.12328558994060781,0.6265155426173765,0.590170202978552,0.20371974132639684,0.12288127760106135,0.6139652014652015,Normalizer,BalancedKFold
3,KNeighborsClassifier,0.9152359305559404,0.0,0.0,0.0,0.9152262664596631,0.0,0.0,0.0,Normalizer,BalancedKFold
4,MLPClassifier,0.8959647365515369,0.010878420430645323,0.008833271653673182,0.02624441075105914,0.8965499396239436,0.009833974605709714,0.00830304424507323,0.02275505358838692,Normalizer,BalancedKFold
5,LinearSVC,,,,,,,,,Normalizer,BalancedKFold
6,OneClassSVM,,,,,,,,,Normalizer,BalancedKFold
