,model,mean_train_precision,mean_train_recall,mean_train_f1,mean_train_accuracy,mean_test_precision,mean_test_recall,mean_test_f1,mean_test_accuracy,normalizer,foldingStrat
0,LogisticRegression,0.0,0.0,0.0,0.7680262239387903,0.0,0.0,0.0,0.7680265428002655,Normalizer,BalancedKFold
1,SGDClassifier,0.1252760336521032,0.18916724745148308,0.1229170303913973,0.6765149193426925,0.1359359711797641,0.19977365026278068,0.13720061103366704,0.6859508958195091,Normalizer,BalancedKFold
2,RidgeClassifier,0.0,0.0,0.0,0.7680262239387903,0.0,0.0,0.0,0.7680265428002655,Normalizer,BalancedKFold
3,RandomForestClassifier,0.26878509770589326,0.6501734725713313,0.3801423623681218,0.5082149045431865,0.26336846910985423,0.6374185362347563,0.37125453800968206,0.5039946914399469,Normalizer,BalancedKFold
4,KNeighborsClassifier,0.07711957543418217,0.028574565240544074,0.0393215710146205,0.7591231423673185,0.06543103448275862,0.031782786885245905,0.04196566445635389,0.7585706702057068,Normalizer,BalancedKFold
5,MLPClassifier,0.09362734977416824,0.2296419284555748,0.12903986489146263,0.6462792175645252,0.10372885733008168,0.24711686012197523,0.13968272715750057,0.6485627073656272,Normalizer,BalancedKFold
6,LinearSVC,0.0,0.0,0.0,0.7680262239387903,0.0,0.0,0.0,0.7680265428002655,Normalizer,BalancedKFold
