,model,mean_train_precision,mean_train_recall,mean_train_f1,mean_train_accuracy,mean_test_precision,mean_test_recall,mean_test_f1,mean_test_accuracy,normalizer,foldingStrat
0,LogisticRegression,0.0,0.0,0.0,0.9270384995625454,0.0,0.0,0.0,0.9270283479960899,Normalizer,BalancedKFold
1,SGDClassifier,0.028874552965840423,0.07859775641025642,0.040206833396488575,0.8781112051644524,0.029030118817352856,0.08355263157894736,0.03988658514974304,0.8818670576735093,Normalizer,BalancedKFold
2,RidgeClassifier,0.0,0.0,0.0,0.9270384995625454,0.0,0.0,0.0,0.9270283479960899,Normalizer,BalancedKFold
3,RandomForestClassifier,0.10494395439485171,0.5300500797845061,0.1751578090635485,0.6357284952484109,0.10152202346930887,0.5051007643886901,0.16734938936289917,0.6341527226726467,Normalizer,BalancedKFold
4,KNeighborsClassifier,0.0,0.0,0.0,0.9270384995625454,0.0,0.0,0.0,0.9270283479960899,Normalizer,BalancedKFold
5,MLPClassifier,0.007151370679380214,0.1,0.013348164627363737,0.8412816461656443,0.008602150537634409,0.1,0.015841584158415845,0.8442326490713586,Normalizer,BalancedKFold
6,LinearSVC,0.0,0.0,0.0,0.9270384995625454,0.0,0.0,0.0,0.9270283479960899,Normalizer,BalancedKFold
