,model,mean_train_accuracy,mean_train_f1,mean_train_precision,mean_train_recall,mean_test_accuracy,mean_test_f1,mean_test_precision,mean_test_recall,normalizer,foldingStrat
0,LogisticRegression,,,,,,,,,StandardScaler,BalancedKFold
1,SGDClassifier,0.8786624379149398,0.10073514465870526,0.16326306717348238,0.1126743222054903,0.8700828157349897,0.07175771450771452,0.11835906685906687,0.09253968253968253,StandardScaler,BalancedKFold
2,RandomForestClassifier,1.0,1.0,1.0,1.0,0.9211180124223602,0.0125,0.05,0.007142857142857143,StandardScaler,BalancedKFold
3,KNeighborsClassifier,0.9625070321491795,0.5548344201412221,0.99,0.5293395940317269,0.9211076604554866,0.08333333333333333,0.175,0.06428571428571428,StandardScaler,BalancedKFold
4,MLPClassifier,0.8973635390305067,0.3782597326895116,0.4841216131578633,0.41201974926056917,0.8486381412468369,0.06400546354330897,0.07778602473189716,0.10133597883597883,StandardScaler,BalancedKFold
5,LinearSVC,,,,,,,,,StandardScaler,BalancedKFold
6,OneClassSVM,,,,,,,,,StandardScaler,BalancedKFold
