,DIABETES,HYPERTEN,CHEST_PAIN
count,17945.0,17945.0,17945.0
mean,1.867483978824185,1.5538032878239063,1.723265533574812
std,0.4395513117284663,0.6021539083457372,0.49550681978746913
min,1.0,1.0,1.0
25%,2.0,1.0,1.0
50%,2.0,2.0,2.0
75%,2.0,2.0,2.0
max,9.0,9.0,9.0
