,Total_Chol,LDL,HDL,FBG,TG,DIABETES,HYPERTEN,CHEST_PAIN
count,7519.0,7519.0,7519.0,7519.0,7519.0,7519.0,7519.0,7519.0
mean,201.4839739327038,119.58824311743582,54.92977789599681,111.19148822981781,134.82191780821918,1.874983375448863,1.547812209070355,1.717515627078069
std,41.203086164813435,36.631257904853385,16.436366784152547,36.27109463239606,67.84435239302374,0.42602307465510775,0.5676573243026332,0.4898549377700545
min,80.0,21.0,17.0,39.3,20.0,1.0,1.0,1.0
25%,173.0,95.0,43.0,94.0,85.0,2.0,1.0,1.0
50%,199.0,118.0,52.0,102.0,118.0,2.0,2.0,2.0
75%,227.0,142.0,64.0,114.0,169.0,2.0,2.0,2.0
max,704.0,629.0,188.0,584.0,398.0,9.0,9.0,9.0
