,Total_Chol,LDL,HDL,FBG,TG,DIABETES,HYPERTEN,CHEST_PAIN
count,7527.0,7527.0,7527.0,7527.0,7527.0,7527.0,7527.0,7527.0
mean,201.48359240069084,119.5882821841371,54.92932111066826,111.18088215756609,134.8219742261193,1.875116248173243,1.5480271024312475,1.7174172977281785
std,41.204834547286936,36.62577136599607,16.4370872321397,36.25590072465669,67.82936439422654,0.4261280028875331,0.5675694015485302,0.4898581571435706
min,80.0,21.0,17.0,39.3,20.0,1.0,1.0,1.0
25%,173.0,95.0,43.0,94.0,85.0,2.0,1.0,1.0
50%,199.0,118.0,52.0,102.0,118.0,2.0,2.0,2.0
75%,227.0,142.0,64.0,114.0,169.0,2.0,2.0,2.0
max,704.0,629.0,188.0,584.0,398.0,9.0,9.0,9.0
