,RIAGENDR,RIDAGEYR,RIDRETH1,BMXBMI,DIQ010,SMQ020,KIQ022
count,11244.0,11244.0,11244.0,10672.0,11244.0,11243.0,11243.0
mean,1.5110281038776237,49.18623265741729,3.220828886517254,28.942559970014994,1.903948772678762,1.5706661922974294,1.9736725073378991
std,0.4999005962844421,17.682877638983072,1.171828358561143,7.024815707814832,0.4194701802266238,0.5293893954590735,0.2967845025153562
min,1.0,20.0,1.0,13.4,1.0,1.0,1.0
25%,1.0,34.0,3.0,24.0,2.0,1.0,2.0
50%,2.0,49.0,3.0,27.7,2.0,2.0,2.0
75%,2.0,63.0,4.0,32.4,2.0,2.0,2.0
max,2.0,80.0,5.0,82.9,9.0,9.0,9.0
