,RIAGENDR,RIDAGEYR,RIDRETH1,BMXBMI,DIQ010,SMQ020,KIQ022
count,7323.0,7323.0,7323.0,7323.0,7323.0,7323.0,7323.0
mean,1.5190495698484228,47.670626792298236,3.1510309982247713,28.537430015021165,2.0,1.5907414993854978,2.0
std,0.4996710998287943,17.46826658797328,1.2713599600592995,6.002770352335608,0.0,0.491730616706992,0.0
min,1.0,20.0,1.0,14.5,2.0,1.0,2.0
25%,1.0,33.0,2.0,24.1,2.0,1.0,2.0
50%,2.0,46.0,3.0,27.8,2.0,2.0,2.0
75%,2.0,61.0,4.0,32.2,2.0,2.0,2.0
max,2.0,80.0,5.0,47.7,2.0,2.0,2.0
