,RIAGENDR,RIDAGEYR,RIDRETH1,BMXBMI,DIQ010,SMQ020,KIQ022
count,14795.0,14795.0,14795.0,14795.0,14795.0,14794.0,14794.0
mean,1.5017911456573168,49.07401149036837,3.072997634335924,28.89678877999324,1.9061845217979048,1.5556982560497499,1.9785047992429363
std,0.5000136901356896,17.632094703938172,1.1566257206429889,6.783166075855435,0.4079267407077806,0.5064716469558943,0.2856637307442958
min,1.0,20.0,1.0,13.18,1.0,1.0,1.0
25%,1.0,34.0,3.0,24.15,2.0,1.0,2.0
50%,2.0,48.0,3.0,27.8,2.0,2.0,2.0
75%,2.0,63.0,4.0,32.3,2.0,2.0,2.0
max,2.0,80.0,5.0,84.87,9.0,9.0,9.0
