,Total_Chol,LDL,HDL,FBG,TG
count,14498.0,14498.0,14498.0,14498.0,14498.0
mean,195.44357842461028,116.02462408608083,53.85460063457028,103.62960408332184,127.85735963581183
std,41.58305341009107,36.055912801958414,15.81086367762057,31.727307633337606,68.66324768300373
min,72.0,21.0,8.0,36.0,12.0
25%,166.0,91.0,42.0,89.8,77.0
50%,192.0,113.0,51.0,97.0,111.0
75%,221.0,138.0,63.0,106.0,161.0
max,704.0,629.0,188.0,584.0,399.0
