,model,mean_train_precision,mean_train_recall,mean_train_f1,mean_train_accuracy,mean_test_precision,mean_test_recall,mean_test_f1,mean_test_accuracy,normalizer,foldingStrat
0,LogisticRegression,0.7333333333333333,0.005054364686239728,0.010028998053077935,0.7892637598794828,0.0,0.0,0.0,0.7873350545037292,Normal,BalancedKFold
1,SGDClassifier,0.2747127279325567,0.24384827265487496,0.20016020491841865,0.6893474722089346,0.14004766819008305,0.1719107260128932,0.12010501616787783,0.6527825588066551,Normal,BalancedKFold
2,RidgeClassifier,0.5,0.0031574431080122803,0.006275247897203485,0.7891302485310183,0.0,0.0,0.0,0.7885398737808377,Normal,BalancedKFold
3,RandomForestClassifier,1.0,1.0,1.0,1.0,0.21666666666666665,0.026411170528817585,0.04666666666666667,0.7765060240963855,Normal,BalancedKFold
4,KNeighborsClassifier,0.6336113462996064,0.25530494192516884,0.36329452769116255,0.8112992010738026,0.40202380952380956,0.15173211978939533,0.21200295230700528,0.7693344807802639,Normal,BalancedKFold
5,MLPClassifier,0.6423860363519703,0.1171616187862283,0.1824606928195465,0.7947396885687155,0.26545454545454544,0.06128601790366497,0.09116775937428112,0.7693057946069994,Normal,BalancedKFold
6,LinearSVC,0.14319082965673482,0.2000074363264547,0.07220058562467195,0.6763128020961996,0.03812171763978993,0.19090909090909092,0.06285652549697493,0.6692627653471026,Normal,BalancedKFold
