,model,mean_train_precision,mean_train_recall,mean_train_f1,mean_train_accuracy,mean_test_precision,mean_test_recall,mean_test_f1,mean_test_accuracy,normalizer,foldingStrat
0,LogisticRegression,0.0,0.0,0.0,0.8029411416898004,0.0,0.0,0.0,0.8030219780219781,Normal,BalancedKFold
1,SGDClassifier,0.19843027746016587,0.2652796592813388,0.14487274128167743,0.6636226434059713,0.23182142182142185,0.27324786324786327,0.16019879828425557,0.6838867654085045,Normal,BalancedKFold
2,RidgeClassifier,0.0,0.0,0.0,0.80379213192492,0.0,0.0,0.0,0.8030219780219781,Normal,BalancedKFold
3,RandomForestClassifier,1.0,1.0,1.0,1.0,0.3666666666666667,0.027247863247863248,0.048763736263736264,0.7965002388915432,Normal,BalancedKFold
4,KNeighborsClassifier,1.0,1.0,1.0,1.0,0.21547619047619046,0.07924949723479136,0.1107225393565772,0.7669254658385093,Normal,BalancedKFold
5,MLPClassifier,0.5848013098013098,0.10720907853449528,0.13417142849707472,0.7920083487803509,0.3362290862290862,0.09799459527400704,0.10880374850168902,0.7810797897754419,Normal,BalancedKFold
6,LinearSVC,0.18877093414701399,0.20066366913377598,0.06979667790884002,0.6833794526582174,0.07642246642246642,0.199,0.07772434772434772,0.6898351648351648,Normal,BalancedKFold
