,model,mean_train_precision,mean_train_recall,mean_train_f1,mean_train_accuracy,mean_test_precision,mean_test_recall,mean_test_f1,mean_test_accuracy,normalizer,foldingStrat
0,LogisticRegression,0.32999999999999996,0.008230435004806353,0.016018339300445883,0.8151820669014617,0.1,0.00625,0.011764705882352941,0.8143827160493828,Normal,BalancedKFold
1,SGDClassifier,0.16142081440726763,0.10620525380573367,0.06424250030424641,0.7653167843160965,0.41694915254237286,0.1025381562881563,0.07590213278293774,0.7705864197530864,Normal,BalancedKFold
2,RidgeClassifier,0.0,0.0,0.0,0.8153194295388243,0.0,0.0,0.0,0.8143827160493828,Normal,BalancedKFold
3,RandomForestClassifier,1.0,1.0,1.0,1.0,0.19166666666666665,0.04684523809523809,0.07491228070175437,0.809398148148148,Normal,BalancedKFold
4,KNeighborsClassifier,1.0,1.0,1.0,1.0,0.20166666666666666,0.06817460317460318,0.10120617944147356,0.7859104938271605,Normal,BalancedKFold
5,MLPClassifier,0.2526627559236255,0.03583359250584494,0.06230490659722403,0.8098217119881495,0.33333333333333337,0.04040204678362573,0.06839067365383154,0.8106172839506172,Normal,BalancedKFold
6,LinearSVC,0.12440813141466511,0.2458312447786132,0.09982072826561705,0.6733146152334598,0.10468263553408481,0.2446428571428571,0.09320424199456456,0.6592283950617284,Normal,BalancedKFold
