,model,mean_train_precision,mean_train_recall,mean_train_f1,mean_train_accuracy,mean_test_precision,mean_test_recall,mean_test_f1,mean_test_accuracy,normalizer,foldingStrat
0,LogisticRegression,0.6310714285714285,0.006071719827102872,0.0119897384383367,0.768592714321076,0.1,0.001639344262295082,0.0032258064516129032,0.7672979429329795,Normal,BalancedKFold
1,SGDClassifier,0.25041701261223803,0.19238907076820372,0.10364189929925904,0.6809372212814278,0.2930529240874068,0.1828195291494524,0.10922254456080052,0.6942057067020572,Normal,BalancedKFold
2,RidgeClassifier,0.0,0.0,0.0,0.7677834563787835,0.0,0.0,0.0,0.7672979429329795,Normal,BalancedKFold
3,RandomForestClassifier,0.9739173137087986,0.8904028363870571,0.9302607419950129,0.9690459328207203,0.3837445152886329,0.06916155113438871,0.11507842169570101,0.7582017252820172,Normal,BalancedKFold
4,KNeighborsClassifier,0.6227982034873538,0.23818955849266335,0.34442213547281597,0.7897954459431673,0.25980528037532624,0.0914386588276806,0.1327699088841047,0.7276164565361646,Normal,BalancedKFold
5,MLPClassifier,0.5597426003426504,0.10159460702399987,0.12259777095289537,0.7565327704282295,0.38298611111111114,0.06815764590701656,0.09112519661891982,0.7476522893165229,Normal,BalancedKFold
6,LinearSVC,0.29674451667567286,0.3066027905377754,0.12399413294851871,0.6040257930505187,0.14457642114576422,0.30447963800904976,0.13188553468045547,0.6212939615129397,Normal,BalancedKFold
