,model,mean_train_precision,mean_train_recall,mean_train_f1,mean_train_accuracy,mean_test_precision,mean_test_recall,mean_test_f1,mean_test_accuracy,normalizer,foldingStrat
0,LogisticRegression,0.0,0.0,0.0,0.9706319607756813,0.0,0.0,0.0,0.970616406082673,StandardScaler,KFold
1,SGDClassifier,0.031090815030554116,0.04312352586233153,0.028951361056495012,0.9475709857985176,0.027419715050899462,0.040087419435245526,0.029564646166029006,0.9475813521810522,StandardScaler,KFold
2,RidgeClassifier,0.0,0.0,0.0,0.9707545837579893,0.0,0.0,0.0,0.9707543371171556,StandardScaler,KFold
3,RandomForestClassifier,1.0,0.9979191217398998,0.9989568544132297,0.9999386879215205,0.0,0.0,0.0,0.9704784750481901,StandardScaler,KFold
4,KNeighborsClassifier,0.4788095238095238,0.0065680390646135674,0.012954052958103594,0.9707699100156327,0.0,0.0,0.0,0.9704784274529402,StandardScaler,KFold
5,MLPClassifier,0.8673809523809524,0.022014931633416373,0.0428987279875563,0.9713063813051207,0.1,0.0018181818181818182,0.0035714285714285718,0.9697197115727849,StandardScaler,KFold
6,LinearSVC,0.0,0.0,0.0,0.9707545837579893,0.0,0.0,0.0,0.9707543371171556,StandardScaler,KFold
