,model,folding,mean_test_precision,mean_test_recall,mean_test_f1,mean_test_accuracy,mean_train_precision,mean_train_recall,mean_train_f1,mean_train_accuracy,precision,recall,f1,accuracy,scaler
0,LogisticRegression,StratifiedKFold,0.6134997699121928,0.3650032722513089,0.4568814260537115,0.9110028880783348,0.6886478098139794,0.39705767105631307,0.5036811681295822,0.9194904915439761,0.5919732441471572,0.36875,0.4544287548138639,0.9088178502467281,StandardScaler
1,KNeighborsClassifier,StratifiedKFold,0.5392634756936583,0.10848058464223387,0.17914475140569744,0.8985032620327009,0.8168377307788521,0.20519044874500217,0.3279578852131978,0.9134881917187476,0.5350877192982456,0.12708333333333333,0.2053872053872054,0.8987341772151899,StandardScaler
