,model,folding,mean_test_precision,mean_test_recall,mean_test_f1,mean_test_accuracy,mean_train_precision,mean_train_recall,mean_train_f1,mean_train_accuracy,precision,recall,f1,accuracy,scaler
0,LogisticRegression,StratifiedKFold,0.3358892873134308,0.802939572425829,0.47356800550191336,0.8163190521119791,0.3628354103698893,0.869887969747739,0.5120778893355405,0.8294321360121033,0.32707087959009395,0.7979166666666667,0.463961235614779,0.810126582278481,StandardScaler
1,RandomForestClassifier,StratifiedKFold,0.6570156553123397,0.245574280104712,0.3570349138968165,0.9090179383032828,1.0,0.9999420625724218,0.9999710228919154,0.9999940394587827,0.6142857142857143,0.26875,0.3739130434782608,0.9073160266037331,StandardScaler
2,MLPClassifier,StratifiedKFold,0.5592680616242924,0.39102857766143106,0.4600253968039468,0.9055306412454407,0.9481743687036713,0.7934774265449366,0.8637852240659404,0.9742681932729793,0.5443425076452599,0.37083333333333335,0.44114002478314746,0.9032396481441751,StandardScaler
3,KNeighborsClassifier,StratifiedKFold,0.5392634756936583,0.10848058464223387,0.17914475140569744,0.8985032620327009,0.8168377307788521,0.20519044874500217,0.3279578852131978,0.9134881917187476,0.5350877192982456,0.12708333333333333,0.2053872053872054,0.8987341772151899,StandardScaler
