,model,mean_train_precision,mean_train_recall,mean_train_f1,mean_train_accuracy,mean_test_precision,mean_test_recall,mean_test_f1,mean_test_accuracy,normalizer,foldingStrat
0,LogisticRegression,0.0,0.0,0.0,0.7884625132975875,0.0,0.0,0.0,0.7885398737808377,Normalizer,BalancedKFold
1,SGDClassifier,0.11576391761105138,0.1406555868486991,0.07815223560489007,0.7251781341253578,0.09071702944942381,0.14897243107769426,0.07215818447365464,0.7150458978772232,Normalizer,BalancedKFold
2,RidgeClassifier,0.0,0.0,0.0,0.7884625132975875,0.0,0.0,0.0,0.7885398737808377,Normalizer,BalancedKFold
3,RandomForestClassifier,1.0,1.0,1.0,1.0,0.3,0.023953823953823956,0.04409090909090909,0.7765633964429145,Normalizer,BalancedKFold
4,KNeighborsClassifier,0.6855258012758405,0.257318045678778,0.3738461158763256,0.8179747684970333,0.38865079365079364,0.10889747077827572,0.16287008348575868,0.7728628800917958,Normalizer,BalancedKFold
5,MLPClassifier,0.6636452646940263,0.0792684060917187,0.14014677550472204,0.7962095628395793,0.3466666666666667,0.04741940635903484,0.07962906658558833,0.7837062535857716,Normalizer,BalancedKFold
6,LinearSVC,0.0,0.0,0.0,0.7884625132975875,0.0,0.0,0.0,0.7885398737808377,Normalizer,BalancedKFold
