,model,mean_train_precision,mean_train_recall,mean_train_f1,mean_train_accuracy,mean_test_precision,mean_test_recall,mean_test_f1,mean_test_accuracy,normalizer,foldingStrat
0,LogisticRegression,0.0,0.0,0.0,0.8155943437580302,0.0,0.0,0.0,0.8156172839506173,Normalizer,BalancedKFold
1,SGDClassifier,0.28739897817362603,0.28090845204384174,0.16372732811681334,0.6819803648895809,0.20215733590733592,0.24801169590643277,0.12515840518437144,0.6777469135802469,Normalizer,BalancedKFold
2,RidgeClassifier,0.0,0.0,0.0,0.8155943437580302,0.0,0.0,0.0,0.8156172839506173,Normalizer,BalancedKFold
3,RandomForestClassifier,1.0,1.0,1.0,1.0,0.48,0.0664734753550543,0.1099244408841932,0.8131018518518518,Normalizer,BalancedKFold
4,KNeighborsClassifier,1.0,1.0,1.0,1.0,0.3483333333333334,0.104263222157959,0.15837229437229436,0.7970679012345678,Normalizer,BalancedKFold
5,MLPClassifier,0.7443751882636395,0.20429534936947813,0.31981384849626027,0.8402100306845837,0.475,0.1122601375232954,0.17604894443735472,0.8119135802469136,Normalizer,BalancedKFold
6,LinearSVC,0.0,0.0,0.0,0.8155943437580302,0.0,0.0,0.0,0.8156172839506173,Normalizer,BalancedKFold
