,model,mean_train_precision,mean_train_recall,mean_train_f1,mean_train_accuracy,mean_test_precision,mean_test_recall,mean_test_f1,mean_test_accuracy,normalizer,foldingStrat
0,LogisticRegression,0.0,0.0,0.0,0.7850880841329729,0.0,0.0,0.0,0.7851170568561873,Normalizer,BalancedKFold
1,SGDClassifier,0.20973040813405489,0.4069189803058519,0.18694786055880078,0.5736891357951338,0.2080244755244755,0.3649038461538462,0.1642466439504864,0.5822623029144769,Normalizer,BalancedKFold
2,RidgeClassifier,0.0,0.0,0.0,0.7850880841329729,0.0,0.0,0.0,0.7851170568561873,Normalizer,BalancedKFold
3,RandomForestClassifier,0.9915010286338072,0.9920491606491177,0.9917629393209015,0.9964668310507709,0.31666666666666665,0.028245587532671933,0.04921238403997024,0.7730410893454371,Normalizer,BalancedKFold
4,KNeighborsClassifier,0.6920532945037565,0.2717025662061968,0.3898237612543341,0.8173718843765782,0.36100288600288594,0.13570497597032122,0.18672731542719576,0.7587434304825609,Normalizer,BalancedKFold
5,MLPClassifier,0.7092190530003984,0.1614439069977278,0.2623247535969821,0.8053120822316627,0.4966666666666667,0.08960154295832044,0.14511499971090763,0.7774008600095557,Normalizer,BalancedKFold
6,LinearSVC,0.0,0.0,0.0,0.7850880841329729,0.0,0.0,0.0,0.7851170568561873,Normalizer,BalancedKFold
