,model,mean_train_precision,mean_train_recall,mean_train_f1,mean_train_accuracy,mean_test_precision,mean_test_recall,mean_test_f1,mean_test_accuracy,normalizer,foldingStrat
0,LogisticRegression,0.0,0.0,0.0,0.8041570954285697,0.0,0.0,0.0,0.8041208791208792,Normalizer,BalancedKFold
1,SGDClassifier,0.29349472121821246,0.11747976208174207,0.05972334191038538,0.7353789914649684,0.1385836385836386,0.11500000000000002,0.0681818181818182,0.7536550406115623,Normalizer,BalancedKFold
2,RidgeClassifier,0.0,0.0,0.0,0.8041570954285697,0.0,0.0,0.0,0.8041208791208792,Normalizer,BalancedKFold
3,RandomForestClassifier,1.0,1.0,1.0,1.0,0.365,0.056072523881347404,0.09304027525995488,0.7986860965121835,Normalizer,BalancedKFold
4,KNeighborsClassifier,1.0,1.0,1.0,1.0,0.2171969696969697,0.09063398692810458,0.11750135572961659,0.774581939799331,Normalizer,BalancedKFold
5,MLPClassifier,0.6877318295739349,0.05456535939552605,0.10065886778787828,0.8099922247548432,0.3833333333333333,0.032574660633484166,0.059660514923672824,0.8008838987099857,Normalizer,BalancedKFold
6,LinearSVC,0.0,0.0,0.0,0.8041570954285697,0.0,0.0,0.0,0.8041208791208792,Normalizer,BalancedKFold
