,model,mean_train_precision,mean_train_recall,mean_train_f1,mean_train_accuracy,mean_test_precision,mean_test_recall,mean_test_f1,mean_test_accuracy,normalizer,foldingStrat
0,LogisticRegression,0.0,0.0,0.0,0.7680262239387903,0.0,0.0,0.0,0.7680265428002655,Normalizer,BalancedKFold
1,SGDClassifier,0.10135528088144821,0.23515188765940334,0.13523756953629845,0.6586953154979641,0.10325777383114339,0.2446918767507003,0.13739953896640972,0.6526078301260783,Normalizer,BalancedKFold
2,RidgeClassifier,0.0,0.0,0.0,0.7680262239387903,0.0,0.0,0.0,0.7680265428002655,Normalizer,BalancedKFold
3,RandomForestClassifier,0.9740762684135069,0.890242754132332,0.9302490532433076,0.969045949191855,0.34349517441622707,0.05976414047041021,0.10091372978755156,0.7549223623092237,Normalizer,BalancedKFold
4,KNeighborsClassifier,0.6066452107848755,0.22595523384344207,0.32905013119999604,0.7863159412944198,0.22664378133943347,0.08350879880995261,0.12138839718249325,0.7196124751161248,Normalizer,BalancedKFold
5,MLPClassifier,0.6270710656763725,0.05215846763346825,0.09612622977987512,0.7729627923393567,0.459069264069264,0.039483334262483995,0.07162801227941282,0.7658513603185136,Normalizer,BalancedKFold
6,LinearSVC,0.0,0.0,0.0,0.7680262239387903,0.0,0.0,0.0,0.7680265428002655,Normalizer,BalancedKFold
