,model,train_accuracy,train_f1,train_precision,train_recall,test_accuracy,test_f1,test_precision,test_recall
0,LogisticRegression,0.9779465145611687,0.0,0.0,0.0,0.9779268994689831,0.0,0.0,0.0
1,SGDClassifier,0.9709376173674255,0.12649651682600255,0.1348847775389796,0.1447864945382324,0.9710204258730704,0.1260079394642585,0.13073068195939105,0.14285714285714285
2,RidgeClassifier,0.9780446171362627,0.0,0.0,0.0,0.9780446196226487,0.0,0.0,0.0
3,RandomForestClassifier,0.998271212769707,0.9590524484833042,0.9990317881361067,0.9221527679261046,0.9929170289476772,0.8228415500403738,0.9077345244863428,0.7542551480051479
4,KNeighborsClassifier,0.9930586839159001,0.840097132212336,0.8737517237481303,0.8168025212402072,0.9906999538621081,0.7836046756829249,0.8215426969356932,0.759572072072072
5,MLPClassifier,0.9928036226101258,0.8118691611014395,0.9529465049437105,0.7072778250658092,0.9924265135492327,0.801204881068122,0.9408245236092956,0.6997345559845559
