,model,mean_train_precision,mean_train_recall,mean_train_f1,mean_train_accuracy,mean_test_precision,mean_test_recall,mean_test_f1,mean_test_accuracy,normalizer,foldingStrat
0,LogisticRegression,0.0,0.0,0.0,0.799824803303506,0.0,0.0,0.0,0.799825710564621,StandardScaler,StratifiedKFold
1,SGDClassifier,0.18863143021912576,0.22448090142442068,0.1748668565267488,0.649646337216327,0.20893423724861332,0.26410628019323673,0.20316122837658496,0.6573316478970352,StandardScaler,StratifiedKFold
2,RidgeClassifier,0.0,0.0,0.0,0.799824803303506,0.0,0.0,0.0,0.799825710564621,StandardScaler,StratifiedKFold
3,RandomForestClassifier,1.0,1.0,1.0,1.0,0.13916666666666666,0.01318840579710145,0.023866969009826152,0.7862522025587988,StandardScaler,StratifiedKFold
4,KNeighborsClassifier,0.6594493316975015,0.17991460562681594,0.2825394835650271,0.8172482865312949,0.26657674197147885,0.06990338164251209,0.1096801169051135,0.7722439285987897,StandardScaler,StratifiedKFold
5,MLPClassifier,0.6648614682656818,0.11159024874211607,0.19037533361999145,0.8108725245618897,0.2107738095238095,0.04381642512077294,0.07068651861374761,0.7735520569983911,StandardScaler,StratifiedKFold
6,LinearSVC,0.0,0.0,0.0,0.799824803303506,0.0,0.0,0.0,0.799825710564621,StandardScaler,StratifiedKFold
