,model,mean_train_accuracy,mean_train_f1,mean_train_precision,mean_train_recall,mean_test_accuracy,mean_test_f1,mean_test_precision,mean_test_recall,normalizer,foldingStrat
0,LogisticRegression,,,,,,,,,StandardScaler,StratifiedKFold
1,SGDClassifier,0.9600786392757232,0.011253636481379087,0.014596041634649157,0.020889044628583733,0.9593843213127567,0.008827527978826943,0.0232574562621589,0.01572535991140642,StandardScaler,StratifiedKFold
2,RandomForestClassifier,0.9998591611166467,0.9969831727856222,0.997900251604139,0.9960715807120968,0.9765500955227326,0.0,0.0,0.0,StandardScaler,StratifiedKFold
3,KNeighborsClassifier,0.9882796000738399,0.5059279733111689,0.736845238095238,0.5022275356941639,0.9761367964500168,0.0,0.0,0.0,StandardScaler,StratifiedKFold
4,MLPClassifier,0.9766394856421391,0.0032815773774086954,0.22052910052910052,0.0016593148369542813,0.9765837554321067,0.0009585652442795299,0.012962962962962963,0.0005167958656330749,StandardScaler,StratifiedKFold
5,LinearSVC,,,,,,,,,StandardScaler,StratifiedKFold
6,OneClassSVM,,,,,,,,,StandardScaler,StratifiedKFold
