,model,mean_train_precision,mean_train_recall,mean_train_f1,mean_train_accuracy,mean_test_precision,mean_test_recall,mean_test_f1,mean_test_accuracy,normalizer,foldingStrat
0,LogisticRegression,0.0,0.0,0.0,0.9764795935642929,0.0,0.0,0.0,0.9764673901488576,StandardScaler,StratifiedKFold
1,SGDClassifier,0.021914554721110077,0.034874469225378235,0.020455005395250032,0.9503686570868586,0.05245667121533367,0.028239202657807307,0.020498784840890107,0.9478116637964286,StandardScaler,StratifiedKFold
2,RidgeClassifier,0.0,0.0,0.0,0.9766326819074307,0.0,0.0,0.0,0.9766327401508319,StandardScaler,StratifiedKFold
3,RandomForestClassifier,1.0,0.9939742479834001,0.9969759274037759,0.9998591605541858,0.0,0.0,0.0,0.9765225169404783,StandardScaler,StratifiedKFold
4,KNeighborsClassifier,0.522142857142857,0.006289593381979085,0.012419215492571665,0.9766632992760791,0.0,0.0,0.0,0.9763571669385038,StandardScaler,StratifiedKFold
5,MLPClassifier,0.8846611721611722,0.022798917151062924,0.04436268666444585,0.97709194656187,0.05,0.0023809523809523807,0.004545454545454545,0.9761917865636418,StandardScaler,StratifiedKFold
6,LinearSVC,0.0,0.0,0.0,0.9766326819074307,0.0,0.0,0.0,0.9766327401508319,StandardScaler,StratifiedKFold
