,name,xShape,yShape,time,truePercent
0,handpicked,"(4530, 43)","(4530,)",0 days 00:08:32.940928,0.3019867549668874
1,handpickedNoNulls,"(1336, 17)","(1336,)",0 days 00:10:38.679483,0.31137724550898205
2,handPickedNoNullsAndRemoveOutliers,"(1181, 17)","(1181,)",0 days 00:12:27.064156,0.3090601185436071
3,correlation,"(4530, 57)","(4530,)",0 days 00:32:57.234968,0.3019867549668874
4,correlationNoNullsFromThreshold,"(3935, 57)","(3935,)",0 days 00:49:06.005660,0.2884371029224905
5,correlationNoNullsFromThresholdAndRemoveOutliers,"(2681, 57)","(2681,)",0 days 00:55:50.374199,0.30697500932487876
