,name,xShape,yShape,time,truePercent
0,handpicked,"(3073, 43)","(3073,)",0 days 01:20:23.720005,0.3058900097624471
1,correlation,"(3073, 48)","(3073,)",0 days 01:21:01.828255,0.3058900097624471
