,model,mean_train_precision,mean_train_recall,mean_train_f1,mean_train_accuracy,mean_test_precision,mean_test_recall,mean_test_f1,mean_test_accuracy,normalizer,foldingStrat
0,LogisticRegression,0.0,0.0,0.0,0.8142563843101749,0.0,0.0,0.0,0.8142375974780155,Normal,KFold
1,SGDClassifier,0.150886712462643,0.215971622443696,0.1141645553893236,0.6992191139087525,0.10478072677645411,0.1903246753246753,0.10151174683899686,0.6894856479177036,Normal,KFold
2,RidgeClassifier,0.0,0.0,0.0,0.8142563843101749,0.0,0.0,0.0,0.8142375974780155,Normal,KFold
3,RandomForestClassifier,0.9557389416228478,0.9785350356281629,0.9669962279729933,0.9875989831806944,0.3303846153846154,0.029189668821744293,0.052156710909750346,0.8040584038493446,Normal,KFold
4,KNeighborsClassifier,0.5888075725491888,0.1617577603856505,0.25351984237944547,0.823217790650752,0.132493462419933,0.04088941352148899,0.06203503880251719,0.7759565289530446,Normal,KFold
5,MLPClassifier,0.6796066635623492,0.13439336654246084,0.22280389994324584,0.8272008996515693,0.22087662337662337,0.03141031191031191,0.05440071716974433,0.7946905591504895,Normal,KFold
6,LinearSVC,0.06377055646248068,0.12541644320033163,0.05677254586622069,0.7402742790189865,0.10445071645679549,0.13147186147186146,0.06981630864980816,0.7485249709639953,Normal,KFold
