,model,mean_train_precision,mean_train_recall,mean_train_f1,mean_train_accuracy,mean_test_precision,mean_test_recall,mean_test_f1,mean_test_accuracy,normalizer,foldingStrat
0,LogisticRegression,0.0,0.0,0.0,0.8013764761708643,0.0,0.0,0.0,0.8008765575195597,Normal,KFold
1,SGDClassifier,0.15328810799502768,0.3925406773939028,0.19387809510834136,0.5849647987155039,0.15086461900063813,0.3922514133241707,0.18228239455758918,0.570083550661644,Normal,KFold
2,RidgeClassifier,0.0,0.0,0.0,0.8013764761708643,0.0,0.0,0.0,0.8013667535979909,Normal,KFold
3,RandomForestClassifier,1.0,1.0,1.0,1.0,0.2733333333333333,0.01966144966144966,0.036179193771305865,0.7959625229402105,Normal,KFold
4,KNeighborsClassifier,0.5526456970379727,0.17544890228222276,0.2658678953995396,0.8080409045193138,0.1802870577135283,0.06034435719034098,0.08850951257990132,0.7610740848063363,Normal,KFold
5,MLPClassifier,0.29350859124575507,0.07065756283740074,0.07023427308023353,0.7699586358793457,0.251310861423221,0.08165107839020884,0.06334417135659372,0.7694822756688883,Normal,KFold
6,LinearSVC,0.0991039823207825,0.39793478260869564,0.13299231719518642,0.56120239470205,0.1836986518745429,0.3987840825350037,0.1408039848954729,0.570696899449435,Normal,KFold
