,model,mean_train_precision,mean_train_recall,mean_train_f1,mean_train_accuracy,mean_test_precision,mean_test_recall,mean_test_f1,mean_test_accuracy,normalizer,foldingStrat
0,LogisticRegression,0.0,0.0,0.0,0.8305497870701716,0.0,0.0,0.0,0.8305408992865437,Normal,KFold
1,SGDClassifier,0.14172624776207637,0.3543417391447892,0.12241236351419396,0.6065414009738032,0.10162229443897816,0.3495954045954046,0.12208959453221843,0.6071030363364858,Normal,KFold
2,RidgeClassifier,0.0,0.0,0.0,0.8305497870701716,0.0,0.0,0.0,0.8305408992865437,Normal,KFold
3,RandomForestClassifier,1.0,1.0,1.0,1.0,0.1,0.0018867924528301887,0.0037037037037037034,0.8289115646258504,Normal,KFold
4,KNeighborsClassifier,0.5721678552869294,0.12948552724902096,0.2110175854698682,0.8360714805126703,0.11713286713286712,0.025798944166118627,0.041992664198546546,0.8,Normal,KFold
5,MLPClassifier,0.6871317663757702,0.18591504806256226,0.28716248578117376,0.8477933341390322,0.25531512605042017,0.07233305375368577,0.10930997599269299,0.8056976937116309,Normal,KFold
6,LinearSVC,0.18612123789485355,0.4023719862675428,0.1205991930422979,0.5648792987961629,0.06817220050755209,0.4,0.1163986496297372,0.5649643271942923,Normal,KFold
