,model,mean_train_precision,mean_train_recall,mean_train_f1,mean_train_accuracy,mean_test_precision,mean_test_recall,mean_test_f1,mean_test_accuracy,normalizer,foldingStrat
0,LogisticRegression,0.0,0.0,0.0,0.7998244242437165,0.0,0.0,0.0,0.7993583850455834,Normal,KFold
1,SGDClassifier,0.12220669051134272,0.5775098428110477,0.20145265019523562,0.4609143632861641,0.11806181790323367,0.5837142857142857,0.19604763204763204,0.45049605454684744,Normal,KFold
2,RidgeClassifier,0.0,0.0,0.0,0.7998244242437165,0.0,0.0,0.0,0.7997950662682908,Normal,KFold
3,RandomForestClassifier,1.0,1.0,1.0,1.0,0.2935714285714286,0.029302360233418846,0.052394004512840445,0.7910384585918946,Normal,KFold
4,KNeighborsClassifier,0.6573676306675746,0.19719979193772236,0.3032900724949104,0.8187080694721829,0.2263086603798678,0.06383633955507165,0.0982066590712157,0.7691354477897802,Normal,KFold
5,MLPClassifier,0.663678263373521,0.07207426418028906,0.12857250160743444,0.8066378344314222,0.22999999999999998,0.027232916484283665,0.04804039822954702,0.7888531372098369,Normal,KFold
6,LinearSVC,0.09206341731418256,0.3024096385542169,0.1042088546835768,0.618851188233984,0.16228070175438597,0.30238095238095236,0.10740440954394441,0.6247950662682908,Normal,KFold
