,model,mean_train_precision,mean_train_recall,mean_train_f1,mean_train_accuracy,mean_test_precision,mean_test_recall,mean_test_f1,mean_test_accuracy,normalizer,foldingStrat
0,LogisticRegression,1.0,0.0013762622221492296,0.002748465280117933,0.7828458447274433,0.2,0.001526806526806527,0.0030304769557481493,0.7828604886758009,StandardScaler,KFold
1,SGDClassifier,0.2734190655615623,0.011308685880347977,0.021278622546473048,0.7783583816396531,0.29614845938375345,0.012666567869216378,0.023789054482859947,0.7781098918734578,StandardScaler,KFold
2,RidgeClassifier,0.9,0.0007289125506264605,0.0014566451947565068,0.7827050616203262,0.0,0.0,0.0,0.7825437822223115,StandardScaler,KFold
3,RandomForestClassifier,0.8701359279177169,0.9775011667600632,0.9206900492375345,0.9633794987960351,0.3038206159869858,0.08138354557661236,0.12749769694428986,0.758792804268892,StandardScaler,KFold
4,KNeighborsClassifier,0.6448655822742192,0.20916065990744132,0.31578271918355333,0.8029423173890425,0.2606316894685884,0.08362838274429744,0.125891731573832,0.7492868462757528,StandardScaler,KFold
5,MLPClassifier,0.8023743390480519,0.052798633213898105,0.09892087228605938,0.7910990887003565,0.34178571428571425,0.020214451232804676,0.038009330925352594,0.7798508997171458,StandardScaler,KFold
6,LinearSVC,0.0,0.0,0.0,0.7825466852701044,0.0,0.0,0.0,0.7825437822223115,StandardScaler,KFold
