,model,mean_train_precision,mean_train_recall,mean_train_f1,mean_train_accuracy,mean_test_precision,mean_test_recall,mean_test_f1,mean_test_accuracy,normalizer,foldingStrat
0,LogisticRegression,0.0,0.0,0.0,0.8142563843101749,0.0,0.0,0.0,0.8142375974780155,StandardScaler,KFold
1,SGDClassifier,0.18680010928091179,0.1965347709336931,0.16640134691366648,0.7110632357550047,0.18120964633348535,0.18594086940313354,0.14984135728669623,0.6981881533101045,StandardScaler,KFold
2,RidgeClassifier,0.0,0.0,0.0,0.8142563843101749,0.0,0.0,0.0,0.8142375974780155,StandardScaler,KFold
3,RandomForestClassifier,0.9557389416228478,0.9785350356281629,0.9669962279729933,0.9875989831806944,0.3303846153846154,0.029189668821744293,0.052156710909750346,0.8040584038493446,StandardScaler,KFold
4,KNeighborsClassifier,0.7111574534864034,0.17869960836485022,0.2852540994866436,0.833898613037164,0.2620683728036669,0.062319718017831226,0.09842941199795162,0.7926547204247553,StandardScaler,KFold
5,MLPClassifier,0.17659467620911512,0.16773497153458244,0.15044423138253954,0.6985759613592276,0.2455359280069548,0.17744939337392168,0.16055302181340528,0.6932171893147503,StandardScaler,KFold
6,LinearSVC,0.0,0.0,0.0,0.8142563843101749,0.0,0.0,0.0,0.8142375974780155,StandardScaler,KFold
