,model,mean_train_precision,mean_train_recall,mean_train_f1,mean_train_accuracy,mean_test_precision,mean_test_recall,mean_test_f1,mean_test_accuracy,normalizer,foldingStrat
0,LogisticRegression,0.0,0.0,0.0,0.8013764761708643,0.0,0.0,0.0,0.8008765575195597,StandardScaler,KFold
1,SGDClassifier,0.21512660987518634,0.17093300843585477,0.17766806721239609,0.7092229156034655,0.1951990007265159,0.1741956382353061,0.16957657457225925,0.6971336810586303,StandardScaler,KFold
2,RidgeClassifier,0.0,0.0,0.0,0.8013764761708643,0.0,0.0,0.0,0.8008765575195597,StandardScaler,KFold
3,RandomForestClassifier,1.0,1.0,1.0,1.0,0.2733333333333333,0.01966144966144966,0.036179193771305865,0.7959625229402105,StandardScaler,KFold
4,KNeighborsClassifier,1.0,1.0,1.0,1.0,0.22897757213546685,0.07155766079494894,0.10380345176692647,0.767480440452043,StandardScaler,KFold
5,MLPClassifier,0.6947275112378659,0.2996693129041035,0.4142280668988631,0.8350825640979727,0.27763823895402845,0.14588552834890706,0.18469614890349967,0.759120544769632,StandardScaler,KFold
6,LinearSVC,0.0,0.0,0.0,0.8013764761708643,0.0,0.0,0.0,0.8013667535979909,StandardScaler,KFold
