,model,mean_train_precision,mean_train_recall,mean_train_f1,mean_train_accuracy,mean_test_precision,mean_test_recall,mean_test_f1,mean_test_accuracy,normalizer,foldingStrat
0,LogisticRegression,0.0,0.0,0.0,0.8305497870701716,0.0,0.0,0.0,0.8305408992865437,StandardScaler,KFold
1,SGDClassifier,0.18835615958327628,0.033723693162821713,0.049377376592905906,0.8178314136533187,0.2121212121212121,0.03166817093978129,0.04779854551409452,0.8134411813505891,StandardScaler,KFold
2,RidgeClassifier,0.0,0.0,0.0,0.8305497870701716,0.0,0.0,0.0,0.8305408992865437,StandardScaler,KFold
3,RandomForestClassifier,1.0,1.0,1.0,1.0,0.1,0.0018867924528301887,0.0037037037037037034,0.8293197278911564,StandardScaler,KFold
4,KNeighborsClassifier,1.0,1.0,1.0,1.0,0.18584415584415584,0.03243099754676314,0.05459271946720675,0.8081433549029369,StandardScaler,KFold
5,MLPClassifier,0.930697682298726,0.03769016851502467,0.07205999526407139,0.8363428713059899,0.31,0.013914041689381752,0.02591130604288499,0.8309474033515846,StandardScaler,KFold
6,LinearSVC,0.0,0.0,0.0,0.8305497870701716,0.0,0.0,0.0,0.8305408992865437,StandardScaler,KFold
