,model,train_accuracy,train_f1,train_precision,train_recall,test_accuracy,test_f1,test_precision,test_recall
0,LogisticRegression,0.9772358153874775,0.0057090125152367555,0.06935333430106948,0.002978948944688766,0.9771617126952199,0.005113968439509059,0.05833333333333333,0.0026785714285714286
1,SGDClassifier,0.967806989009382,0.1162145003988011,0.2491506222624514,0.12105263157894737,0.9678033012000471,0.12886098545487193,0.1601401379652349,0.13392857142857145
2,RidgeClassifier,0.9780446171362627,0.0,0.0,0.0,0.9780446196226487,0.0,0.0,0.0
3,RandomForestClassifier,0.9982733928438294,0.9591062635899734,0.9990319041303163,0.9222520727920431,0.9927011964744243,0.8183948466954826,0.897975832234556,0.7533381595881596
4,KNeighborsClassifier,0.9930804875562235,0.8333436329408445,0.8981888495905797,0.7812536451190871,0.9908176509160281,0.7771974242016207,0.8438248557180884,0.7256354568854569
5,MLPClassifier,0.9933573576351502,0.8281139010095734,0.9586548159777216,0.7292222301035607,0.9930151374173068,0.8188604133215934,0.9480630964205872,0.7220640283140283
