,model,mean_train_precision,mean_train_recall,mean_train_f1,mean_train_accuracy,mean_test_precision,mean_test_recall,mean_test_f1,mean_test_accuracy,normalizer,foldingStrat
0,LogisticRegression,0.0,0.0,0.0,0.799824803303506,0.0,0.0,0.0,0.799825710564621,RobustScaler,StratifiedKFold
1,SGDClassifier,0.23191656628447094,0.11817612737108167,0.1365751235376168,0.7314923110090807,0.16924442296428047,0.1202415458937198,0.13173493791895122,0.7324140044434231,RobustScaler,StratifiedKFold
2,RidgeClassifier,0.0,0.0,0.0,0.799824803303506,0.0,0.0,0.0,0.799825710564621,RobustScaler,StratifiedKFold
3,RandomForestClassifier,1.0,1.0,1.0,1.0,0.13583333333333333,0.01318840579710145,0.023788537637277132,0.7853750095763427,RobustScaler,StratifiedKFold
4,KNeighborsClassifier,0.6507771377683589,0.16460149292514112,0.2625002318402182,0.8151068830150416,0.23010461760461762,0.0611111111111111,0.09489615644844021,0.7691641768175899,RobustScaler,StratifiedKFold
5,MLPClassifier,0.20361106567035958,0.26109772517893837,0.2097728651964872,0.6439860505997437,0.20289504408652698,0.27149758454106276,0.21358045726003944,0.6460622079215506,RobustScaler,StratifiedKFold
6,LinearSVC,0.0,0.0,0.0,0.799824803303506,0.0,0.0,0.0,0.799825710564621,RobustScaler,StratifiedKFold
