,model,mean_train_precision,mean_train_recall,mean_train_f1,mean_train_accuracy,mean_test_precision,mean_test_recall,mean_test_f1,mean_test_accuracy,normalizer,foldingStrat
0,LogisticRegression,0.0,0.0,0.0,0.9764795935642929,0.0,0.0,0.0,0.9764673901488576,RobustScaler,StratifiedKFold
1,SGDClassifier,0.028994623655913977,0.007085239999450331,0.009680471075531551,0.974887432273621,0.04144144144144144,0.009357696566998893,0.011944444444444443,0.9744288530286325,RobustScaler,StratifiedKFold
2,RidgeClassifier,0.0,0.0,0.0,0.9766326819074307,0.0,0.0,0.0,0.9766327401508319,RobustScaler,StratifiedKFold
3,RandomForestClassifier,1.0,0.9942360280881122,0.9971080250592154,0.999865283877926,0.0,0.0,0.0,0.9765225169404783,RobustScaler,StratifiedKFold
4,KNeighborsClassifier,0.4,0.0023580822030754007,0.004687521192906311,0.9766143108112886,0.0,0.0,0.0,0.9765225169404783,RobustScaler,StratifiedKFold
5,MLPClassifier,0.0,0.0,0.0,0.9766326819074307,0.0,0.0,0.0,0.9766327401508319,RobustScaler,StratifiedKFold
6,LinearSVC,0.0,0.0,0.0,0.9766326819074307,0.0,0.0,0.0,0.9766327401508319,RobustScaler,StratifiedKFold
